sub	cond	x	y	x1	y1	x2	y2	x3	y3
401	1	-46	-193	-47	-200	-74	-158	-47	-159	
401	1	258	-104	250	-87	239	-78	255	-82	
401	1	-236	265	-237	288	-248	301	-243	298	
401	1	-123	200	-126	225	-116	182	-141	212	
401	1	-33	-289	-27	-255	-110	125	-88	-126	
401	1	-177	-172	-213	-179	-252	-3	-215	-181	
401	1	-225	142	-186	128	-116	221	132	221	
401	1	133	93	176	71	241	82	240	85	
401	1	163	180	142	135	165	137	148	117	
401	1	-185	4	-239	-6	-252	-76	-250	-91	
401	1	-68	-257	-55	-200	-54	-168	-55	-193	
401	1	-248	119	-185	157	-199	-10	-118	216	
401	1	275	-82	293	-154	-109	262	89	-214	
401	1	-225	-256	-302	-221	-257	-291	-244	-276	
401	1	267	-285	199	-221	253	-278	135	-119	
401	1	-133	-156	-157	-254	-71	-152	-137	-260	
401	1	251	121	262	15	-275	105	-239	118	
401	1	136	-221	259	-257	233	-275	252	-275	
401	1	-257	-129	-106	-117	75	156	-57	158	
401	1	-162	-15	-74	121	68	164	65	149	
401	1	95	-252	235	-149	248	-133	250	-276	
401	1	-198	178	-338	17	-156	-100	247	-163	
401	1	-36	-72	-186	114	-241	134	-71	-250	
401	1	137	-194	73	41	234	-279	231	-300	
401	1	110	-39	-93	131	166	-85	259	-174	
401	1	187	-127	211	209	246	136	249	80	
401	1	-112	62	215	221	171	216	322	217	
401	1	57	232	-233	-109	-257	-181	-247	-151	
401	1	230	49	-235	-71	141	81	256	-122	
401	1	263	-59	-272	106	-246	123	-232	133	
401	1	-117	-1	-124	0	78	12	-153	40	
401	1	82	49	86	66	99	38	126	0	
401	1	-109	198	-96	219	-96	303	-129	215	
401	1	-179	27	-197	5	262	226	-20	178	
401	1	-253	51	-221	38	62	131	-67	142	
401	1	-27	181	-46	148	61	139	-241	-80	
401	1	65	119	54	161	58	130	54	131	
401	1	93	-167	125	-200	119	157	56	-269	
401	1	59	232	78	277	-137	221	-141	118	
401	1	290	-16	251	17	240	-1	252	105	
401	1	168	162	185	223	230	176	260	175	
401	1	-51	285	-121	279	-114	244	-106	254	
401	1	-121	-41	-112	-119	-111	-158	-90	-123	
401	1	-65	182	-118	248	-93	192	-123	212	
401	1	-67	127	-155	141	-130	135	-130	182	
401	1	100	-191	153	-106	-61	-147	-267	-198	
401	1	146	-241	247	-195	318	223	246	136	
401	1	243	-107	253	-220	235	78	246	-144	
401	1	-224	-275	-363	-262	-377	-256	-357	-280	
401	1	17	-243	-72	-112	63	-211	61	-150	
401	1	-245	-62	-258	138	-189	104	-275	125	
401	1	12	-109	-189	-160	-229	-268	-122	-307	
401	1	21	-210	-171	-73	-195	117	237	44	
401	1	44	-279	-113	-86	247	-139	224	85	
401	1	276	51	66	-141	39	-243	67	-286	
401	1	14	139	102	-211	66	-92	-114	-181	
401	1	-211	-143	-250	234	-116	187	-132	214	
401	1	237	205	-70	-82	253	-113	249	-146	
401	1	203	-102	-255	-20	-255	-8	-267	-29	
401	1	-28	278	-132	-265	-62	207	56	119	
401	1	15	183	21	171	58	170	56	159	
401	1	25	-1	16	20	117	-77	69	-177	
401	1	228	249	243	266	237	221	225	222	
401	1	-292	-171	-274	-150	-237	-157	-235	-162	
401	1	245	-272	251	-303	246	-289	247	-296	
401	1	139	-100	179	-99	137	-92	124	-98	
401	1	247	69	205	83	244	74	270	90	
401	1	248	-121	228	-162	206	-266	169	-251	
401	1	196	54	226	95	249	-176	261	-189	
401	1	-84	52	-111	97	-148	103	-112	26	
401	1	-63	260	-96	206	50	176	-35	147	
401	1	254	-244	289	-180	157	-84	134	-102	
401	1	81	-38	144	1	172	2	147	-7	
401	1	-181	-47	-237	14	-265	14	-237	103	
401	1	-196	294	-293	296	-256	299	-263	294	
401	1	245	-43	176	36	-162	106	167	84	
401	1	-233	250	-338	285	-271	302	-260	305	
401	1	250	51	136	106	120	81	147	-146	
401	1	-2	38	-2	173	-41	158	-50	183	
401	1	69	-223	167	-96	146	-100	142	-104	
401	1	-85	279	47	171	58	198	67	130	
401	1	-19	63	180	106	-245	-265	-226	-182	
401	1	214	242	9	153	7	189	-32	174	
401	1	132	265	-122	286	-117	206	-120	189	
401	1	72	119	226	-96	227	-92	230	-100	
401	1	263	-5	81	265	227	227	171	221	
401	1	-298	170	-266	-192	-252	7	-235	-93	
401	1	93	230	-62	-178	-63	-172	-91	-293	
401	1	211	-87	-113	288	-93	186	-98	-246	
401	1	260	-288	-279	-150	-269	-143	249	-155	
401	1	-4	111	-9	126	1	169	-53	164	
401	1	-274	-89	-258	-94	-249	-76	-247	-82	
401	1	-261	269	-256	292	-257	304	-266	295	
401	1	-299	274	-278	295	-251	279	-254	286	
401	1	-272	-138	-241	-135	-237	-138	-242	-141	
401	1	-283	-267	-250	-282	-256	127	-238	-85	
401	1	110	282	134	244	147	284	136	229	
401	1	14	166	58	177	58	161	56	128	
401	1	59	48	43	95	63	145	55	111	
401	1	-80	115	-128	93	-117	132	-133	114	
401	1	-148	245	-109	288	-109	298	-53	226	
401	1	233	181	268	122	219	131	230	156	
401	1	293	-149	217	-126	250	-138	252	-132	
401	1	-150	252	-215	297	-261	296	-257	287	
401	1	29	195	-45	254	66	-190	75	-188	
401	1	-243	-32	-184	-114	-246	-290	-280	-261	
401	1	-36	195	-80	92	53	112	75	157	
401	1	-23	192	-119	258	-108	194	-135	131	
401	1	220	62	93	28	100	-93	73	-135	
401	1	-202	193	-84	289	143	103	138	144	
401	1	-87	-210	67	-150	249	-226	248	-102	
401	1	-230	-270	-86	-108	24	93	65	171	
401	1	76	13	-119	-103	-53	126	-148	181	
401	1	99	203	-138	121	69	160	50	134	
401	1	192	240	-69	205	-66	229	61	180	
401	1	-38	163	144	-132	-128	123	-158	-109	
401	1	-218	-159	195	-197	-61	223	58	-289	
401	1	214	45	-228	120	-259	-285	-260	40	
401	1	76	-184	-198	242	238	49	233	-142	
401	1	224	279	-93	-212	-71	151	-63	128	
401	2	70	-95	61	-86	0	0	276	-262	
401	2	243	-113	226	-100	0	0	202	2	
401	2	272	-12	253	3	0	0	156	-1	
401	2	-38	-117	-53	-137	0	0	-64	-253	
401	2	68	123	66	153	0	0	65	-187	
401	2	-164	-199	-130	-202	0	0	-130	-215	
401	2	-95	-146	-126	-114	0	0	-106	-152	
401	2	238	52	227	5	0	0	-218	120	
401	2	-232	-48	-246	-1	0	0	6	115	
401	2	35	-111	73	-74	0	0	85	-169	
401	2	-87	229	-147	216	0	0	-113	184	
401	2	-223	-140	-162	-175	0	0	-109	223	
401	2	162	183	146	107	0	0	125	214	
401	2	-264	223	-306	293	0	0	-259	291	
401	2	300	-160	235	-226	0	0	64	-216	
401	2	-157	255	-63	280	0	0	74	125	
401	2	-238	-174	-345	-143	0	0	-252	-161	
401	2	-232	80	-125	133	0	0	-72	97	
401	2	-250	-130	-237	-274	0	0	240	87	
401	2	-58	-11	85	-86	0	0	-129	219	
401	2	-71	-297	-181	-166	0	0	-115	-137	
401	2	107	-45	-106	-57	0	0	72	-249	
401	2	151	205	-60	275	0	0	67	181	
401	2	-184	-103	-72	113	0	0	55	-145	
401	2	30	-149	196	62	0	0	143	-105	
401	2	-273	-165	-268	128	0	0	-227	37	
401	2	-3	44	76	-309	0	0	75	-270	
401	2	-93	184	115	-197	0	0	60	-188	
401	2	-183	107	179	-257	0	0	256	-150	
401	2	-239	-289	257	4	0	0	-203	108	
401	3	-220	-278	-232	-275	0	0	-170	154	
401	3	108	259	128	260	0	0	130	219	
401	3	40	45	53	64	0	0	-79	94	
401	3	-145	89	-162	111	0	0	-122	-86	
401	3	-68	-73	-96	-85	0	0	-236	-161	
401	3	-285	-145	-257	-166	0	0	-249	-226	
401	3	48	-180	10	-164	0	0	55	-158	
401	3	-43	149	-7	182	0	0	-23	123	
401	3	284	256	252	218	0	0	178	214	
401	3	218	185	213	238	0	0	234	142	
401	3	-162	4	-131	59	0	0	-122	241	
401	3	-165	28	-195	85	0	0	77	109	
401	3	143	200	86	149	0	0	97	155	
401	3	283	281	215	227	0	0	265	-110	
401	3	-131	175	-214	133	0	0	-134	99	
401	3	146	-199	219	-274	0	0	-113	-264	
401	3	-40	-181	-112	-261	0	0	-160	-45	
401	3	-209	-195	-138	-99	0	0	44	-265	
401	3	-166	-54	-274	23	0	0	241	-292	
401	3	-77	60	-170	185	0	0	-137	-6	
401	3	-199	-40	-205	147	0	0	-245	-184	
401	3	-48	-119	-250	-139	0	0	-242	-150	
401	3	234	82	249	-146	0	0	232	-161	
401	3	20	-136	-73	105	0	0	-71	-229	
401	3	255	160	-6	174	0	0	34	104	
401	3	201	136	-92	97	0	0	-92	-87	
401	3	26	33	-276	272	0	0	245	16	
401	3	-29	-262	263	56	0	0	70	-240	
401	3	278	-84	-152	98	0	0	-159	197	
401	3	289	9	-237	204	0	0	226	-137	
402	1	-277	-219	-261	-222	-221	-223	-258	-248	
402	1	273	-270	255	-271	247	-257	262	-217	
402	1	275	-155	262	-178	266	-169	256	-250	
402	1	-170	10	-202	3	-230	-5	-382	-17	
402	1	32	206	60	178	2	233	43	164	
402	1	-118	150	-129	110	-141	146	-127	97	
402	1	163	-19	124	-54	69	-100	145	-56	
402	1	5	248	-4	195	5	218	-2	223	
402	1	39	72	97	86	120	68	31	65	
402	1	-85	-138	-144	-168	-207	-75	268	89	
402	1	-298	255	-255	195	-263	212	-261	165	
402	1	-14	238	8	163	9	186	-10	202	
402	1	-106	-124	-156	-198	-95	-156	95	167	
402	1	142	197	225	141	290	117	249	153	
402	1	-244	35	-196	-61	-77	-121	-5	-16	
402	1	-215	-78	-117	10	-126	-39	-133	-35	
402	1	121	-89	226	17	-97	11	350	-1	
402	1	40	-116	162	-24	311	-23	332	-3	
402	1	-56	-26	-218	-89	106	27	-138	-48	
402	1	67	215	170	61	198	137	83	103	
402	1	-292	-168	-154	-28	-268	-9	-269	-32	
402	1	-103	232	-234	65	265	166	248	154	
402	1	69	-88	-147	-3	-189	-21	-197	-68	
402	1	2	-63	-220	-213	6	70	-12	85	
402	1	27	-244	-70	42	-319	-17	-123	-10	
402	1	49	-219	86	105	175	149	-139	36	
402	1	183	-239	117	88	-70	-110	175	-45	
402	1	298	-147	-88	-128	206	-9	185	-127	
402	1	263	29	-165	-94	13	122	-106	-165	
402	1	-240	-250	227	197	-222	146	270	128	
402	1	-10	-278	-6	-271	-1	-254	9	-257	
402	1	-129	-19	-108	-25	-278	73	-150	61	
402	1	63	70	80	91	147	73	110	86	
402	1	-277	108	-245	116	-123	95	-16	78	
402	1	207	-167	230	-199	211	-184	274	-227	
402	1	8	173	6	131	-110	-207	5	113	
402	1	-73	68	-37	101	-43	65	-67	62	
402	1	-288	-184	-248	-224	-247	-216	-230	-246	
402	1	211	-190	152	-174	168	-170	-253	17	
402	1	-114	-61	-180	-47	105	-145	-133	-35	
402	1	199	219	257	180	265	167	244	174	
402	1	241	74	268	4	272	4	330	-21	
402	1	0	70	-88	84	-23	111	-36	62	
402	1	-156	35	-58	51	-61	77	-50	84	
402	1	-292	-192	-187	-140	0	0	-137	78	
402	1	58	-149	100	-20	107	-15	82	-10	
402	1	-205	-261	-205	-125	0	0	234	-68	
402	1	-100	-101	-248	-46	-238	-6	-259	1	
402	1	158	-136	218	13	-211	47	236	10	
402	1	-56	269	-144	100	-141	51	223	-38	
402	1	39	197	244	204	-5	127	205	211	
402	1	239	-134	31	-217	10	-200	21	-162	
402	1	-290	199	-57	102	125	26	-73	46	
402	1	-125	219	126	86	-235	146	-143	108	
402	1	-6	274	216	94	238	191	269	95	
402	1	66	30	-226	134	-192	133	-206	169	
402	1	259	135	-108	86	54	-75	-100	76	
402	1	82	189	-140	-134	-232	104	-192	-140	
402	1	-226	-86	218	71	-200	7	53	0	
402	1	250	222	7	-213	6	-177	29	-226	
402	1	256	216	253	201	305	-279	181	-234	
402	1	146	59	130	75	105	6	114	2	
402	1	-11	-156	-2	-179	-3	-138	-10	-252	
402	1	273	59	265	30	274	37	243	0	
402	1	-53	-4	-86	-19	0	0	-177	-65	
402	1	255	-278	238	-239	239	-260	264	-244	
402	1	275	90	234	63	258	85	270	114	
402	1	-132	114	-185	111	-203	43	250	38	
402	1	165	-36	117	-71	-209	129	302	199	
402	1	-298	85	-232	107	-258	126	-218	169	
402	1	-249	-199	-188	-240	-264	-239	-256	-247	
402	1	255	186	190	141	-228	190	250	112	
402	1	-143	52	-226	105	-235	78	18	142	
402	1	178	162	233	74	192	48	248	157	
402	1	-213	-263	-248	-153	-249	-232	-258	-262	
402	1	175	198	211	70	186	92	206	135	
402	1	133	-181	-3	-156	-56	-64	-190	-25	
402	1	132	-62	285	-26	-276	3	-161	-57	
402	1	-69	-179	-233	-247	-179	-196	-168	-250	
402	1	-91	-256	-176	-83	-128	-36	-120	83	
402	1	-42	-106	-34	88	-76	-116	-82	-161	
402	1	-151	-251	63	-227	70	-142	62	-208	
402	1	35	274	-91	52	-5	80	-22	68	
402	1	-260	-5	-111	-218	-202	92	42	116	
402	1	-11	-175	111	83	93	7	73	75	
402	1	237	180	-85	119	-88	-72	-38	-94	
402	1	-68	-115	246	9	202	-128	-159	82	
402	1	29	-297	-236	9	-156	-93	-99	-24	
402	1	-254	-202	191	-225	-237	144	-99	-5	
402	1	128	245	-92	-200	-68	-116	11	-116	
402	1	81	-172	74	-187	-72	-105	46	-235	
402	1	203	151	225	154	217	-266	-195	121	
402	1	150	98	124	102	105	68	90	52	
402	1	-62	86	-86	103	-9	32	83	77	
402	1	0	-248	38	-244	44	-145	95	-234	
402	1	-269	-43	-227	-41	-176	-5	-226	-32	
402	1	255	246	247	197	226	161	254	176	
402	1	-91	48	-135	79	192	6	-152	83	
402	1	-120	55	-96	107	-211	13	-238	14	
402	1	-217	231	-253	171	-208	156	-266	132	
402	1	-261	-166	-192	-192	-231	91	-188	80	
402	1	48	292	42	210	70	236	51	219	
402	1	184	-3	275	18	-221	-82	-237	-126	
402	1	-4	35	-9	141	-69	-105	-48	78	
402	1	-72	-50	-73	61	-181	102	202	163	
402	1	-257	102	-165	16	-192	-13	206	11	
402	1	101	26	234	-8	185	-39	256	32	
402	1	-200	-76	-166	79	-197	-218	75	17	
402	1	250	-94	182	58	100	93	176	-6	
402	1	201	185	249	8	245	24	335	7	
402	1	-132	-200	-237	-38	-205	27	221	-143	
402	1	74	-83	222	85	-131	132	-72	80	
402	1	-28	142	226	118	189	99	207	139	
402	1	19	187	247	38	257	39	239	25	
402	1	184	-267	228	22	157	-149	-142	-49	
402	1	-249	234	42	123	55	165	52	221	
402	1	-256	-185	-132	134	-283	147	-178	22	
402	1	-111	-249	90	76	159	39	187	51	
402	1	154	-268	-127	105	-215	113	31	119	
402	1	-6	237	-195	-230	-219	-211	-292	-240	
402	2	2	3	1	5	0	0	-47	98	
402	2	-248	-234	-266	-224	0	0	-246	-244	
402	2	233	-47	235	-71	0	0	263	-67	
402	2	209	203	235	181	0	0	253	187	
402	2	72	-198	92	-231	0	0	119	-250	
402	2	291	75	273	34	0	0	315	1	
402	2	-247	-243	-201	-257	0	0	-226	-269	
402	2	-6	212	3	156	0	0	-7	220	
402	2	166	100	112	121	0	0	-174	-76	
402	2	235	-41	231	28	0	0	235	-15	
402	2	247	-196	240	-266	0	0	242	169	
402	2	273	26	216	-23	0	0	-111	-223	
402	2	-289	14	-205	-23	0	0	199	120	
402	2	-250	-101	-231	-206	0	0	-245	-234	
402	2	-272	-79	-218	27	0	0	-184	-20	
402	2	148	103	254	20	0	0	184	-135	
402	2	-149	259	-234	142	0	0	-3	153	
402	2	-222	-144	-231	9	0	0	-139	-182	
402	2	260	-160	222	4	0	0	247	30	
402	2	-198	-4	-212	-183	0	0	-208	-88	
402	2	230	139	203	-70	0	0	21	-262	
402	2	286	-91	123	66	0	0	-311	-125	
402	2	86	-217	-141	-220	0	0	-234	-270	
402	2	-87	99	178	95	0	0	249	141	
402	2	-57	40	191	-135	0	0	284	45	
402	2	-114	-236	-89	78	0	0	-60	-163	
402	2	178	-125	-72	133	0	0	193	-65	
402	2	180	191	-204	10	0	0	232	-14	
402	2	191	-103	-244	-35	0	0	-3	-166	
402	2	-150	263	-241	-230	0	0	-255	-231	
402	3	-138	141	-139	132	0	0	-156	88	
402	3	18	-60	3	-73	0	0	-187	-35	
402	3	257	-33	254	-6	0	0	218	-154	
402	3	-188	17	-189	49	0	0	-214	-17	
402	3	286	-213	290	-252	0	0	245	-21	
402	3	89	-234	118	-204	0	0	72	-223	
402	3	238	-177	223	-221	0	0	260	-254	
402	3	299	248	273	200	0	0	256	-224	
402	3	285	166	227	177	0	0	255	159	
402	3	92	-178	131	-125	0	0	91	-155	
402	3	289	68	262	-2	0	0	271	7	
402	3	-141	165	-104	87	0	0	-279	-27	
402	3	66	-179	144	-225	0	0	-176	90	
402	3	-261	85	-163	89	0	0	-143	65	
402	3	-47	-231	70	-213	0	0	-63	-235	
402	3	-161	272	-226	157	0	0	-152	140	
402	3	-153	-252	-82	-119	0	0	52	-198	
402	3	-124	2	-170	148	0	0	314	7	
402	3	18	150	-140	117	0	0	-113	98	
402	3	-20	87	-205	144	0	0	-168	162	
402	3	282	140	224	-60	0	0	-192	-11	
402	3	-281	233	-250	14	0	0	64	93	
402	3	256	-47	63	109	0	0	-87	80	
402	3	158	258	-66	135	0	0	-116	-190	
402	3	67	-72	-190	64	0	0	-109	-137	
402	3	37	19	-213	-177	0	0	-256	191	
402	3	-194	-55	179	-4	0	0	-166	-9	
402	3	187	132	-210	-31	0	0	-165	-102	
402	3	-105	78	244	-184	0	0	-87	150	
402	3	217	-63	-239	-241	0	0	191	123	
403	1	225	0	236	3	228	14	315	8	
403	1	-7	-280	-15	-267	6	-266	-4	-273	
403	1	-144	95	-161	91	-157	105	-138	116	
403	1	-284	291	-307	274	-310	290	-317	283	
403	1	223	-261	197	-242	207	-240	142	-192	
403	1	209	65	172	80	179	100	143	86	
403	1	-264	189	-307	188	-321	186	-328	230	
403	1	-177	103	-198	153	-307	-151	-306	169	
403	1	-151	157	-186	202	-196	223	-199	233	
403	1	30	-213	-37	-202	-191	-169	143	135	
403	1	193	-58	122	-44	185	-258	149	155	
403	1	-218	-190	-157	-232	-167	-238	-125	-233	
403	1	234	-104	199	-28	221	175	148	172	
403	1	-145	-102	-191	-186	-257	-205	-303	-230	
403	1	206	172	143	94	160	174	132	-196	
403	1	188	-18	182	94	180	-182	149	161	
403	1	-297	-287	-200	-223	-205	-274	-198	-186	
403	1	-174	-92	-59	-125	-104	-116	-116	-129	
403	1	-257	-110	-294	-234	-335	-249	-346	-259	
403	1	-34	-103	32	31	4	120	83	131	
403	1	149	-262	-2	-208	-7	-255	144	178	
403	1	266	-69	79	21	-63	-92	-74	-120	
403	1	63	24	285	-2	277	0	350	7	
403	1	147	266	-36	102	-164	143	-201	148	
403	1	108	273	-121	83	183	83	116	90	
403	1	155	75	-121	-103	205	-205	-153	-167	
403	1	183	119	-160	-25	209	51	167	4	
403	1	-190	-186	110	90	-184	-159	-161	-158	
403	1	-59	271	-230	-147	-159	-75	-201	-6	
403	1	112	293	-143	-104	-266	-133	-176	-184	
403	1	-43	-115	-41	-127	-75	-135	-69	-108	
403	1	178	-113	171	-123	154	-160	157	181	
403	1	-118	180	-111	207	-163	270	-183	170	
403	1	-23	266	6	274	-13	274	-8	280	
403	1	196	101	166	84	-64	88	-70	81	
403	1	-207	94	-186	62	-335	102	-269	97	
403	1	108	201	83	237	148	210	122	92	
403	1	-42	-60	-89	-85	-106	-97	-121	-91	
403	1	54	7	11	-36	38	-50	25	-21	
403	1	-291	119	-237	148	170	245	95	61	
403	1	19	29	3	96	-175	-66	-46	29	
403	1	-36	-212	-103	-173	227	7	170	-5	
403	1	-6	-299	-8	-218	190	218	203	15	
403	1	-91	-71	-147	-138	-207	0	-194	-189	
403	1	212	45	129	98	194	110	139	105	
403	1	-9	59	55	143	-6	127	-3	281	
403	1	-149	-21	-138	-138	-182	-133	-124	-137	
403	1	-60	-287	-83	-171	192	4	173	-223	
403	1	149	-217	246	-302	187	-227	4	32	
403	1	-228	-57	-136	-178	183	187	183	173	
403	1	-288	5	-174	-117	160	-249	160	1	
403	1	-257	6	-213	-176	153	130	129	161	
403	1	172	222	142	4	-190	125	152	129	
403	1	-117	226	1	30	41	48	20	-22	
403	1	45	-191	-233	-204	187	125	-294	165	
403	1	-203	127	124	67	-221	113	-230	-147	
403	1	28	-266	-151	61	152	-210	206	257	
403	1	-211	40	136	-150	228	125	234	-224	
403	1	-79	202	-334	-139	-139	-190	-123	-172	
403	1	-229	-194	157	117	193	-219	157	222	
403	1	6	-69	-3	-72	-189	-8	-8	-84	
403	1	181	-194	174	-209	178	16	157	173	
403	1	78	-79	90	-104	128	-90	-5	-107	
403	1	-32	73	-15	47	10	92	-1	16	
403	1	10	270	3	237	-5	297	7	288	
403	1	-158	191	-122	208	-126	239	-139	213	
403	1	114	-117	131	-158	114	-148	167	-180	
403	1	8	-224	-1	-173	6	-241	0	-224	
403	1	167	141	162	200	172	174	216	163	
403	1	-110	-102	-78	-158	-124	-151	-143	-161	
403	1	28	47	-42	56	-19	-177	0	81	
403	1	-226	-171	-187	-236	-221	-222	-296	-41	
403	1	292	-226	213	-191	-147	-179	-122	-140	
403	1	261	43	174	52	160	98	148	101	
403	1	-277	-15	-246	-108	-329	-216	-344	-23	
403	1	-35	-286	7	-190	167	179	177	199	
403	1	-143	31	-253	-11	-253	0	-254	240	
403	1	-180	-130	-79	-193	-316	-211	-325	-243	
403	1	-148	100	-229	-10	182	233	160	175	
403	1	-24	107	122	83	80	158	25	-41	
403	1	92	-60	-4	-203	-90	-97	-150	-130	
403	1	-271	-78	-163	101	-202	5	-130	1	
403	1	-71	-150	-74	67	142	149	139	159	
403	1	-252	32	-358	-190	-220	-72	-203	-64	
403	1	83	208	2	-80	-149	176	-160	134	
403	1	-113	117	-161	-196	150	129	151	-183	
403	1	-76	-271	-153	111	-182	-230	91	152	
403	1	171	256	-146	-7	151	110	332	-6	
403	1	175	-178	-240	-11	193	-231	159	4	
403	1	-160	205	178	-159	148	200	144	-188	
403	1	5	-3	-1	-2	1	41	0	1	
403	1	-181	206	-167	203	159	184	141	202	
403	1	-216	-152	-219	-125	-266	-113	-212	-90	
403	1	-237	191	-247	165	198	85	-70	84	
403	1	-148	-168	-113	-160	166	202	128	203	
403	1	200	-210	234	-190	231	-181	190	-175	
403	1	65	-38	92	-75	68	-67	102	-67	
403	1	-260	-281	-299	-257	-328	-272	-356	-256	
403	1	55	-44	-5	-36	118	86	134	127	
403	1	174	-77	168	-137	193	151	169	89	
403	1	-54	-113	13	-133	7	-147	1	-224	
403	1	104	103	127	178	-6	-254	7	-246	
403	1	110	-257	144	-181	205	-228	164	-147	
403	1	-156	-158	-105	-236	-27	-99	-155	-115	
403	1	-210	-156	-135	-94	-163	-142	-180	-153	
403	1	140	-285	215	-211	-230	189	189	-190	
403	1	-256	56	-358	0	-404	-4	-355	3	
403	1	291	-110	332	-222	367	-227	368	-236	
403	1	286	199	330	67	377	184	340	112	
403	1	-215	213	-122	103	-220	192	-301	223	
403	1	-211	-238	-198	-80	-183	-183	-137	-188	
403	1	105	221	232	81	219	84	318	-2	
403	1	35	1	-179	-70	-65	-140	-1	73	
403	1	-262	54	-224	-210	-202	208	149	204	
403	1	65	157	-6	-121	-173	153	135	173	
403	1	222	-23	-69	122	182	-187	130	134	
403	1	245	165	-140	179	-231	-28	-201	133	
403	1	237	-108	-180	-135	178	-227	162	-124	
403	1	245	-243	-173	-195	-127	233	-133	-114	
403	1	160	192	-284	7	148	154	197	223	
403	2	-23	-278	-18	-267	0	0	-2	-264	
403	2	10	33	15	21	0	0	-3	30	
403	2	-15	-176	-12	-156	0	0	113	83	
403	2	152	300	135	272	0	0	147	271	
403	2	228	62	197	76	0	0	209	92	
403	2	-201	-79	-228	-48	0	0	-150	-125	
403	2	213	-96	171	-96	0	0	199	-104	
403	2	137	136	164	99	0	0	-161	-5	
403	2	96	88	146	112	0	0	-351	230	
403	2	151	222	144	154	0	0	112	126	
403	2	-67	-258	-58	-187	0	0	-79	-261	
403	2	73	-133	110	-200	0	0	105	-200	
403	2	122	94	202	83	0	0	158	134	
403	2	69	-272	155	-240	0	0	157	170	
403	2	-94	32	-181	90	0	0	-157	121	
403	2	1	-79	-10	-193	0	0	108	206	
403	2	272	145	165	96	0	0	-223	-92	
403	2	72	295	1	200	0	0	-3	282	
403	2	285	-267	162	-229	0	0	-162	-183	
403	2	-48	127	-187	75	0	0	147	165	
403	2	-223	266	-152	94	0	0	-190	-6	
403	2	-6	58	-16	-144	0	0	-320	206	
403	2	-215	121	-17	25	0	0	17	73	
403	2	-9	79	200	229	0	0	-9	29	
403	2	-74	109	-193	-130	0	0	-162	-40	
403	2	-256	159	-114	-158	0	0	121	191	
403	2	-82	-246	-244	111	0	0	-301	196	
403	2	116	-199	-231	14	0	0	180	150	
403	2	-126	-210	200	117	0	0	-146	105	
403	2	40	247	160	-224	0	0	-131	-4	
403	3	-186	275	-182	271	0	0	-150	246	
403	3	-181	-13	-190	-5	0	0	-143	-98	
403	3	283	23	271	4	0	0	314	10	
403	3	-17	-86	1	-109	0	0	179	205	
403	3	221	-157	186	-163	0	0	-161	109	
403	3	281	-187	279	-226	0	0	143	198	
403	3	-148	81	-134	123	0	0	-156	223	
403	3	-122	-197	-161	-168	0	0	138	133	
403	3	-294	182	-350	190	0	0	-345	192	
403	3	235	119	181	80	0	0	-188	203	
403	3	-62	-104	-127	-71	0	0	-199	-93	
403	3	227	292	272	231	0	0	180	193	
403	3	-246	131	-206	60	0	0	-296	136	
403	3	178	14	160	102	0	0	186	218	
403	3	-273	-59	-267	-161	0	0	150	139	
403	3	99	83	210	81	0	0	129	118	
403	3	113	-18	155	92	0	0	109	237	
403	3	-295	271	-231	161	0	0	-195	177	
403	3	-42	-13	-56	119	0	0	154	-241	
403	3	-300	26	-164	81	0	0	167	229	
403	3	-27	31	131	77	0	0	-143	-168	
403	3	114	-95	176	90	0	0	164	-160	
403	3	-78	38	141	81	0	0	262	16	
403	3	-186	-244	-6	-98	0	0	-6	-190	
403	3	282	70	-21	41	0	0	-158	-176	
403	3	222	-191	-122	-180	0	0	147	166	
403	3	214	-216	-133	-123	0	0	143	146	
403	3	273	-41	-133	64	0	0	173	215	
403	3	-227	69	162	-101	0	0	132	133	
403	3	240	179	-264	200	0	0	187	230	
404	1	-54	61	-80	75	-53	195	57	-214	
404	1	200	-289	225	-311	-264	-302	-289	-291	
404	1	-71	196	-115	198	236	199	-2	6	
404	1	266	258	220	280	232	189	-242	-215	
404	1	-212	234	-195	177	-167	204	162	178	
404	1	257	59	203	16	257	5	198	22	
404	1	-200	57	-138	16	-125	2	-240	22	
404	1	-142	-229	-150	-310	-170	-292	-156	-301	
404	1	34	293	-8	210	-5	286	-5	290	
404	1	187	-219	245	-293	257	-282	244	-226	
404	1	-230	120	-254	24	230	211	-297	-27	
404	1	70	-10	81	-119	219	-99	-207	-104	
404	1	-110	-8	9	6	-9	212	0	292	
404	1	62	-88	123	21	-242	-2	-290	-220	
404	1	200	60	262	180	155	187	259	180	
404	1	-172	265	-181	113	-130	198	-215	180	
404	1	-265	257	-111	196	-147	262	152	271	
404	1	-164	226	-9	290	-7	296	5	287	
404	1	-287	-259	-224	-85	232	187	-253	-20	
404	1	-218	47	-300	-135	-235	-104	-261	-107	
404	1	114	191	1	0	9	192	-208	-288	
404	1	-186	-140	-53	72	-50	114	52	79	
404	1	-72	176	187	197	12	-4	-2	3	
404	1	-231	-120	-49	-328	-147	-278	-46	274	
404	1	156	29	-91	-115	-4	2	15	-3	
404	1	188	-290	-118	-216	-263	204	-220	196	
404	1	3	-243	31	103	-59	197	158	202	
404	1	-133	-194	-209	198	224	-212	1	195	
404	1	-284	-192	208	-213	231	-235	208	-108	
404	1	258	-57	-280	-221	236	-216	214	-218	
404	1	-257	104	-279	90	226	-5	209	188	
404	1	-251	16	-286	7	125	209	1	278	
404	1	53	67	53	115	54	109	-62	184	
404	1	295	-289	245	-300	255	-297	216	-303	
404	1	-72	-156	-111	-113	-113	-10	-112	17	
404	1	194	156	195	224	245	199	207	187	
404	1	226	-6	155	-22	192	92	154	80	
404	1	-58	-243	-109	-303	-257	-307	-292	-314	
404	1	36	56	-45	22	-139	3	-249	-11	
404	1	-21	123	-63	209	-43	220	-48	82	
404	1	-84	-137	-169	-85	209	-221	-205	-307	
404	1	-278	199	-268	90	-193	195	-253	-4	
404	1	202	77	203	192	206	201	210	185	
404	1	126	-15	207	74	217	-108	241	85	
404	1	-271	-111	-194	-222	-177	-294	-204	-23	
404	1	81	239	221	178	238	206	203	188	
404	1	-215	-155	-214	3	-239	-100	-208	180	
404	1	-42	243	58	91	-67	208	48	190	
404	1	-85	169	-259	94	-137	189	48	181	
404	1	124	143	1	-12	3	294	6	285	
404	1	128	-25	210	182	17	210	236	7	
404	1	-53	-189	77	12	263	-308	257	-218	
404	1	-200	154	58	204	-53	221	-49	181	
404	1	237	-108	237	176	-56	304	-69	188	
404	1	-122	241	-196	-36	232	195	205	209	
404	1	293	142	-8	258	239	-26	-1	288	
404	1	229	128	-103	80	-141	102	-294	-21	
404	1	-87	-57	-7	287	10	-285	-298	-115	
404	1	-205	-143	213	-32	-209	-196	-277	-119	
404	1	-175	211	300	-224	233	-212	-253	-308	
404	1	-91	97	-110	117	151	182	258	191	
404	1	-162	-198	-148	-228	218	191	159	86	
404	1	282	169	245	189	201	98	201	110	
404	1	120	241	124	190	210	194	-211	195	
404	1	-253	-93	-284	-147	-211	-222	-287	-224	
404	1	-206	102	-144	125	-129	199	158	82	
404	1	35	-72	-7	-13	-215	5	203	111	
404	1	196	-266	257	-216	145	207	254	-207	
404	1	-32	-74	5	5	15	206	-8	-295	
404	1	-166	-229	-121	-146	-244	-202	-289	-213	
404	1	10	293	4	194	25	279	-6	284	
404	1	50	-292	-60	-300	-263	-284	-248	-290	
404	1	-299	-269	-197	-211	-164	-207	-255	-124	
404	1	30	-240	133	-309	159	-303	146	-217	
404	1	-233	-56	-97	-29	-118	17	-106	17	
404	1	213	-134	259	-1	55	301	250	282	
404	1	-126	-260	-275	-304	-245	-319	-284	-299	
404	1	277	-262	156	-125	195	179	160	191	
404	1	135	147	206	-35	-216	-104	-282	-229	
404	1	-102	-162	15	12	26	220	-307	-23	
404	1	246	-98	104	-274	0	295	211	-289	
404	1	-173	258	-142	16	-230	-197	214	-27	
404	1	-42	148	216	97	254	198	-215	198	
404	1	-105	131	153	221	144	210	156	194	
404	1	-29	-81	259	-201	243	-234	-216	-222	
404	1	-253	31	60	-27	187	214	-55	190	
404	1	-143	-118	-183	217	144	282	249	219	
404	1	-183	111	194	-38	267	203	-191	-216	
404	1	-297	-150	148	-290	159	-289	-155	190	
404	1	272	277	142	-312	260	-298	255	-295	
404	1	64	-3	78	-14	207	-5	154	54	
404	1	-259	75	-227	67	-198	283	140	194	
404	1	128	168	168	190	216	204	245	195	
404	1	246	-291	254	-239	343	-294	248	-286	
404	1	-192	181	-145	223	223	215	208	28	
404	1	173	239	205	179	-248	-102	7	284	
404	1	183	-281	190	-207	236	-218	253	-222	
404	1	-266	-111	-185	-126	-203	-109	-205	-109	
404	1	-121	-137	-136	-226	161	-134	152	87	
404	1	206	7	137	72	251	-304	252	-217	
404	1	43	287	7	189	-1	-10	-1	276	
404	1	-31	-233	-95	-320	-120	-309	-208	-301	
404	1	-254	-159	-249	-39	-317	-7	-355	-23	
404	1	-159	-241	-93	-128	-241	-26	-298	-117	
404	1	11	61	-12	199	-1	221	214	-112	
404	1	-250	51	-200	184	259	187	-283	-9	
404	1	-286	179	-143	112	-50	218	50	82	
404	1	-180	263	-9	295	13	298	3	286	
404	1	271	45	89	84	201	-219	-285	-296	
404	1	112	153	9	-22	-171	-85	-298	-126	
404	1	-248	-12	-30	-13	254	-265	5	284	
404	1	197	189	-42	210	40	276	-44	283	
404	1	250	9	-13	11	3	209	6	279	
404	1	182	155	-100	171	-268	192	222	178	
404	1	-81	-9	6	281	-65	302	-43	268	
404	1	137	100	-93	-130	-129	-16	-101	9	
404	1	116	-167	160	170	-169	206	151	266	
404	1	-48	254	-231	-103	233	210	210	194	
404	1	-58	-281	2	188	242	-2	205	-112	
404	1	155	168	-121	-309	-199	-120	-212	-117	
404	2	-290	-16	-295	-27	0	0	-300	-21	
404	2	-77	209	-105	181	0	0	5	291	
404	2	-277	19	-273	-25	0	0	-296	-21	
404	2	149	149	139	95	0	0	155	89	
404	2	155	206	215	189	0	0	198	183	
404	2	28	86	94	66	0	0	-208	-28	
404	2	-187	-160	-125	-115	0	0	210	185	
404	2	-174	158	-105	197	0	0	-199	207	
404	2	-72	-218	-94	-304	0	0	-215	-292	
404	2	-183	176	-143	262	0	0	-205	184	
404	2	18	146	114	174	0	0	203	-20	
404	2	-9	180	-5	291	0	0	-12	277	
404	2	-47	119	9	217	0	0	209	-214	
404	2	-167	-242	-295	-236	0	0	-307	-307	
404	2	-98	-125	-128	12	0	0	-267	-214	
404	2	253	-175	122	-113	0	0	-222	-280	
404	2	217	24	236	180	0	0	-4	291	
404	2	106	-173	142	-4	0	0	210	-18	
404	2	93	-148	208	3	0	0	-212	-294	
404	2	56	24	-147	91	0	0	-246	181	
404	2	13	188	184	53	0	0	-211	-226	
404	2	106	-14	-134	22	0	0	23	-3	
404	2	230	-74	210	187	0	0	236	215	
404	2	26	-203	216	-13	0	0	223	-113	
404	2	-26	-297	0	11	0	0	-6	268	
404	2	-120	-173	-257	108	0	0	-205	-123	
404	2	267	-196	99	107	0	0	-205	191	
404	2	92	-142	-3	197	0	0	-289	-209	
404	2	105	-162	-206	155	0	0	205	189	
404	2	247	-216	-207	186	0	0	-9	288	
404	3	245	171	233	185	0	0	-273	-222	
404	3	-154	237	-117	226	0	0	-197	-226	
404	3	159	-270	197	-293	0	0	-210	-299	
404	3	89	231	139	224	0	0	198	191	
404	3	-138	215	-195	207	0	0	-208	180	
404	3	-95	107	-155	77	0	0	-47	185	
404	3	-73	264	-59	191	0	0	-55	184	
404	3	274	255	212	205	0	0	50	172	
404	3	-172	-272	-199	-184	0	0	202	-220	
404	3	-1	251	90	276	0	0	193	-225	
404	3	190	-139	236	-230	0	0	222	105	
404	3	281	183	215	266	0	0	208	182	
404	3	-66	17	-180	15	0	0	-259	197	
404	3	-131	-292	-236	-226	0	0	250	197	
404	3	68	15	120	-108	0	0	203	-15	
404	3	114	-232	-5	-308	0	0	-254	-102	
404	3	-19	-55	-76	96	0	0	53	189	
404	3	-194	158	-34	214	0	0	142	286	
404	3	176	-2	140	179	0	0	48	205	
404	3	152	175	209	-22	0	0	205	206	
404	3	104	-293	-107	-215	0	0	-268	-220	
404	3	-200	134	-42	305	0	0	-36	175	
404	3	90	294	-158	199	0	0	248	94	
404	3	-181	73	98	95	0	0	-203	-27	
404	3	77	5	-144	188	0	0	150	-124	
404	3	-141	132	153	10	0	0	157	80	
404	3	-166	206	-126	-132	0	0	147	62	
404	3	88	154	132	-211	0	0	206	183	
404	3	-58	-284	150	182	0	0	-149	83	
404	3	204	299	-294	183	0	0	200	24	
405	1	-257	-147	-224	-147	-253	6	-253	-1	
405	1	5	232	-10	263	0	286	-3	294	
405	1	194	-166	158	-136	162	-147	261	-196	
405	1	-286	-252	-252	-210	-272	-98	-265	93	
405	1	269	-238	251	-171	250	-111	-344	-57	
405	1	49	27	40	-43	-243	223	258	93	
405	1	-48	-183	-133	-193	-255	107	-249	245	
405	1	-11	187	-95	208	-106	-199	-103	206	
405	1	262	-280	165	-259	172	-206	-244	-200	
405	1	263	-247	152	-289	-152	-203	249	297	
405	1	265	-227	138	-207	-229	0	136	-99	
405	1	-86	-112	0	0	-212	-195	-354	-197	
405	1	113	191	234	293	247	294	264	251	
405	1	102	-207	206	-74	254	204	-63	41	
405	1	182	-59	0	0	-1	258	7	-7	
405	1	240	54	168	-131	-249	-107	250	-103	
405	1	194	213	170	-4	-47	-102	259	3	
405	1	99	6	-95	-105	213	-204	206	-206	
405	1	90	-46	-145	-98	261	-291	154	-99	
405	1	133	41	259	260	-253	205	63	-42	
405	1	31	153	176	-98	-252	103	-247	-4	
405	1	-139	-270	0	0	250	-270	151	11	
405	1	-7	247	206	5	0	-254	-192	-212	
405	1	86	-31	-256	-5	-255	-99	-244	1	
405	1	-287	-96	3	-280	-113	-200	-92	-293	
405	1	-263	-295	0	0	-255	101	-150	261	
405	1	-174	-117	222	5	247	0	251	-2	
405	1	-13	240	8	-272	100	-265	4	-288	
405	1	-168	-257	352	4	-242	-2	-66	-63	
405	1	154	-279	-116	246	-2	-290	197	-293	
405	1	-266	-136	-280	-149	-104	-202	-116	-206	
405	1	6	202	2	239	-1	-299	-7	-295	
405	1	-116	-206	-162	-200	-151	-198	-256	-211	
405	1	278	40	246	5	-235	-6	250	-1	
405	1	282	49	258	107	-246	201	-252	204	
405	1	292	-77	271	2	254	-102	263	-1	
405	1	240	-223	205	-297	-2	-253	0	-309	
405	1	274	115	359	95	363	96	367	102	
405	1	12	-183	95	-239	199	243	-1	-296	
405	1	218	-17	252	101	255	293	257	213	
405	1	-45	-6	77	-50	258	1	144	-208	
405	1	-148	67	-178	200	-237	-290	65	46	
405	1	144	-110	266	-210	-236	-4	260	0	
405	1	87	-194	229	-100	-297	-196	-208	-208	
405	1	-137	160	-241	-2	-242	-3	263	-103	
405	1	-188	68	0	0	-252	-297	-156	-201	
405	1	103	-70	204	-260	-108	-291	204	-251	
405	1	148	-155	329	-3	153	-202	-154	-193	
405	1	-132	-135	120	-143	5	253	0	-293	
405	1	-153	-112	71	-248	-375	-290	-353	-204	
405	1	234	-64	152	219	-99	208	3	296	
405	1	106	263	257	-3	-254	-187	-155	-102	
405	1	-56	41	254	0	-145	-105	-244	3	
405	1	-41	144	160	-123	-50	-45	-62	-49	
405	1	196	-279	-70	-42	261	101	347	205	
405	1	278	-269	0	0	210	203	-253	292	
405	1	-161	218	249	252	-124	278	109	-301	
405	1	-251	151	57	-258	-140	-291	6	-289	
405	1	39	-241	-244	256	-242	254	263	-204	
405	1	-225	-258	255	96	256	106	308	176	
405	1	-258	-217	-241	-209	-165	-291	-151	-96	
405	1	162	203	175	242	-61	64	-50	-44	
405	1	-213	270	-253	287	-261	204	-258	295	
405	1	49	-25	0	0	-156	207	263	300	
405	1	-159	-162	-172	-100	-246	-194	-268	-200	
405	1	-197	-82	-226	-150	-87	-196	-86	-204	
405	1	292	286	372	301	-244	0	-369	7	
405	1	-248	-235	-167	-205	241	0	151	114	
405	1	83	-140	112	-242	101	-147	114	-199	
405	1	-100	199	2	271	2	283	-4	298	
405	1	180	-285	259	-177	-145	-106	0	0	
405	1	118	-80	0	0	198	-252	202	-6	
405	1	163	-49	260	65	247	95	249	292	
405	1	-156	111	-47	234	-109	208	-110	261	
405	1	-156	-113	0	0	158	2	-49	-43	
405	1	-208	-204	-239	-3	-145	106	-242	211	
405	1	-258	-23	-53	41	248	202	-155	146	
405	1	96	-248	-140	-244	150	293	271	102	
405	1	143	229	-97	260	-103	208	110	-279	
405	1	-204	-258	51	-280	112	-285	149	-3	
405	1	-133	251	0	0	153	-99	355	103	
405	1	-32	66	261	7	247	211	266	1	
405	1	-110	-67	-87	256	-311	-6	-298	-201	
405	1	-24	287	-202	1	-105	12	-101	107	
405	1	-156	-34	144	-237	-247	209	-236	202	
405	1	-64	47	149	-300	-240	205	44	-60	
405	1	265	196	-141	251	242	211	-362	200	
405	1	187	-36	-251	-206	-244	-2	-246	-96	
405	1	-195	247	366	292	256	280	258	300	
405	1	250	-244	-257	239	-243	203	-234	-296	
405	1	-258	-104	-275	-111	-264	-197	-252	-102	
405	1	13	-251	-7	-285	-108	-202	-109	-207	
405	1	-191	232	-160	199	-244	205	-252	295	
405	1	15	-294	69	-294	-251	-299	-258	105	
405	1	222	-65	256	-6	256	-204	258	3	
405	1	-85	213	-146	250	-54	56	-47	53	
405	1	79	227	0	245	107	291	4	-293	
405	1	235	-245	148	-235	152	-290	151	-295	
405	1	25	-170	-1	-261	-99	-251	9	-299	
405	1	-74	-172	-188	-139	105	-206	52	-299	
405	1	222	123	263	-6	-262	-205	46	-54	
405	1	78	295	-57	255	-157	-93	-168	-107	
405	1	-201	-10	-287	-145	-189	-97	-294	-99	
405	1	-222	-23	-230	-197	-258	-196	-253	-3	
405	1	191	-233	370	-260	5	249	-1	-289	
405	1	45	173	240	238	-254	1	243	-2	
405	1	-248	43	-241	-164	-251	95	-253	203	
405	1	-70	-149	-248	7	-235	0	-165	208	
405	1	148	101	-89	50	-201	-1	-99	-206	
405	1	12	80	209	257	0	-269	223	-211	
405	1	-287	-128	-60	48	264	-3	-243	4	
405	1	39	-87	-255	-6	-144	-200	48	-45	
405	1	-289	-79	-233	237	-250	-290	-54	56	
405	1	43	-179	107	148	303	260	-103	-102	
405	1	40	-226	151	127	-1	200	51	-282	
405	1	200	-289	-199	-243	111	246	-251	4	
405	1	-208	250	257	257	258	-48	351	-2	
405	1	250	-147	-236	-2	-243	-2	-241	-3	
405	1	-298	248	-229	-262	-247	213	-160	-203	
405	1	-225	-262	200	243	-91	241	117	-300	
405	2	213	-198	219	-195	0	0	112	-196	
405	2	-91	42	-49	54	0	0	-51	60	
405	2	-148	249	-151	202	0	0	-161	201	
405	2	-149	214	-97	200	0	0	-96	247	
405	2	265	-58	267	2	0	0	265	6	
405	2	134	276	98	211	0	0	-2	292	
405	2	-37	-79	-1	-6	0	0	-151	-100	
405	2	-155	255	-234	207	0	0	365	210	
405	2	-89	273	10	256	0	0	204	-292	
405	2	-273	140	-248	245	0	0	-241	206	
405	2	-198	22	-195	-105	0	0	-304	-202	
405	2	278	-29	243	115	0	0	48	-49	
405	2	56	-146	0	0	0	0	-239	5	
405	2	117	128	0	0	0	0	-31	-51	
405	2	-211	6	-162	-177	0	0	-145	-97	
405	2	-73	103	1	296	0	0	2	289	
405	2	170	-44	165	-259	0	0	156	-296	
405	2	88	-82	144	-295	0	0	-3	1	
405	2	229	-71	0	0	0	0	201	-2	
405	2	-119	21	-247	240	0	0	-178	202	
405	2	-252	138	0	0	0	0	-247	1	
405	2	115	-130	-190	-98	0	0	200	-189	
405	2	-257	2	48	-94	0	0	198	209	
405	2	-165	287	0	0	0	0	-106	203	
405	2	143	218	209	-123	0	0	-101	-196	
405	2	83	-113	232	236	0	0	94	203	
405	2	-275	255	67	-43	0	0	51	-50	
405	2	242	-28	-202	231	0	0	-101	-292	
405	2	204	242	-291	-8	0	0	-349	0	
405	2	266	-294	-223	252	0	0	-257	297	
405	3	-198	0	-201	2	0	0	-149	12	
405	3	275	32	256	0	0	0	-153	-209	
405	3	-295	5	-341	2	0	0	239	44	
405	3	243	75	202	112	0	0	-103	-207	
405	3	-284	204	-244	250	0	0	-258	205	
405	3	247	238	301	293	0	0	200	287	
405	3	-57	-188	-137	-155	0	0	243	2	
405	3	56	-265	145	-255	0	0	-161	-203	
405	3	25	-31	73	57	0	0	-246	-301	
405	3	253	21	261	-91	0	0	360	3	
405	3	80	24	137	-90	0	0	65	-53	
405	3	-54	-76	76	-132	0	0	-36	56	
405	3	-159	-93	-160	-242	0	0	-243	-9	
405	3	294	298	149	226	0	0	-110	-202	
405	3	91	228	-97	254	0	0	148	294	
405	3	20	188	-171	254	0	0	352	-3	
405	3	-300	-289	-100	-202	0	0	2	-291	
405	3	-144	-289	-44	-94	0	0	-255	-7	
405	3	-2	13	180	-142	0	0	243	205	
405	3	220	-293	278	-38	0	0	251	3	
405	3	-300	131	-310	-154	0	0	-202	-200	
405	3	-170	278	-271	-2	0	0	-257	3	
405	3	142	-279	0	0	0	0	-252	202	
405	3	160	13	-1	300	0	0	1	297	
405	3	-117	99	165	-103	0	0	-363	-8	
405	3	219	-299	-170	-250	0	0	264	104	
405	3	13	203	-147	-203	0	0	253	-214	
405	3	-295	58	185	141	0	0	-148	205	
405	3	-32	194	276	-260	0	0	259	-199	
405	3	-276	260	257	5	0	0	237	96	
406	1	-69	-99	-62	-92	-95	-71	-93	-64	
406	1	163	-119	148	-114	-153	-130	-257	-111	
406	1	142	24	152	11	144	11	164	36	
406	1	-93	-131	-90	-109	-90	-110	-126	-108	
406	1	159	96	134	105	159	125	152	152	
406	1	-146	-162	-114	-159	141	113	166	110	
406	1	-209	224	-240	212	-240	236	-249	243	
406	1	-179	-236	-145	-223	-164	-177	-233	-193	
406	1	-223	-202	-206	-236	-256	-212	-272	-250	
406	1	36	115	62	147	59	134	46	164	
406	1	138	-188	147	-144	153	-123	179	-139	
406	1	28	-230	-1	-193	2	-253	5	-226	
406	1	-272	60	-283	11	-387	51	-318	-14	
406	1	151	169	206	172	147	174	172	218	
406	1	128	153	172	188	218	241	189	247	
406	1	71	136	82	197	78	123	61	175	
406	1	-268	105	-219	150	-260	139	-281	157	
406	1	-248	298	-295	246	-344	220	-290	230	
406	1	182	131	176	59	304	-78	328	-145	
406	1	175	-166	232	-109	275	-63	269	-83	
406	1	-25	42	-77	-22	-108	191	-89	181	
406	1	-8	-282	14	-198	12	-212	0	-257	
406	1	-198	-170	-284	-129	-337	-135	-300	-136	
406	1	251	-20	340	25	362	15	392	10	
406	1	-70	127	-175	174	-124	136	-153	179	
406	1	-243	-218	-141	-150	-148	-158	10	-248	
406	1	-55	171	81	194	-95	189	-112	217	
406	1	93	-85	252	-65	169	-94	152	-111	
406	1	-205	115	-350	200	-313	155	-356	210	
406	1	195	-175	-189	-133	155	174	263	231	
406	1	11	0	3	2	0	0	0	0	
406	1	-77	-178	-78	-163	-67	-99	-97	-144	
406	1	-169	-176	-161	-159	-165	-140	-141	-136	
406	1	182	105	164	96	138	97	149	100	
406	1	165	76	183	60	162	76	211	29	
406	1	-158	80	-160	110	179	117	-196	105	
406	1	-85	-160	-100	-131	-96	-112	-138	-121	
406	1	-46	43	-50	6	-46	47	-52	64	
406	1	223	61	193	39	174	39	173	36	
406	1	271	-120	303	-91	302	-96	330	-92	
406	1	-78	-143	-124	-139	-139	-93	-129	-124	
406	1	-298	-171	-279	-126	-395	-128	-330	-86	
406	1	294	215	336	185	324	142	366	226	
406	1	230	-63	205	-111	186	-92	312	-95	
406	1	21	85	78	75	51	100	109	103	
406	1	119	27	178	24	152	19	160	25	
406	1	-159	-41	-94	-48	148	74	-124	-102	
406	1	-219	-80	-222	-10	-210	-58	-232	-76	
406	1	-155	-255	-113	-194	-161	-225	-156	-243	
406	1	-17	-263	-53	-193	-51	-140	-73	-209	
406	1	81	-259	22	-199	19	-219	-15	-262	
406	1	-255	-8	-173	27	-237	15	-237	29	
406	1	-45	-205	37	-154	19	-175	11	-237	
406	1	66	-122	164	-97	129	-82	218	-176	
406	1	49	-276	135	-213	80	-283	123	-240	
406	1	241	-74	362	-105	332	-80	371	-104	
406	1	0	-156	-124	-114	145	-101	-234	249	
406	1	131	82	-3	13	64	94	147	145	
406	1	55	-156	-108	-142	-88	6	-173	120	
406	1	-18	-99	41	152	97	-142	-123	-187	
406	1	-225	-21	-221	-23	-228	-94	-269	-72	
406	1	3	39	2	27	3	109	-6	128	
406	1	-198	-148	-207	-132	-201	-129	-216	-178	
406	1	-48	-17	-47	5	-63	-33	-106	-29	
406	1	52	267	30	269	10	276	76	276	
406	1	-125	151	-144	125	-146	103	-154	-111	
406	1	89	195	106	164	143	118	167	144	
406	1	-154	283	-172	250	-182	238	252	239	
406	1	13	18	44	-5	25	36	59	5	
406	1	-179	-154	-138	-139	-120	-212	-120	-131	
406	1	68	224	77	268	75	242	84	277	
406	1	92	50	135	32	162	27	157	34	
406	1	-92	-137	-117	-92	-115	-89	-123	-107	
406	1	-49	-237	-10	-200	-13	-207	2	-192	
406	1	56	186	100	148	94	231	139	221	
406	1	268	207	234	254	332	188	258	238	
406	1	60	-78	104	-122	144	-180	-245	91	
406	1	45	3	24	-61	84	-159	120	-102	
406	1	206	171	279	192	272	162	332	171	
406	1	68	123	127	73	153	104	171	119	
406	1	-88	201	-119	123	-47	140	-119	194	
406	1	277	269	367	243	336	203	371	237	
406	1	-148	-287	-236	-256	-150	-258	-187	-286	
406	1	290	-45	186	-48	274	-50	246	-64	
406	1	-40	-27	-43	-136	-41	-56	1	-115	
406	1	-224	-283	-163	-172	-138	119	-134	158	
406	1	286	265	395	190	309	163	386	193	
406	1	225	210	383	211	371	201	405	235	
406	1	255	-222	228	-50	344	141	223	-101	
406	1	165	276	-174	-33	-221	-47	-233	-110	
406	1	-15	8	-14	10	0	0	4	45	
406	1	-69	149	-79	139	-78	155	-61	144	
406	1	-201	12	-220	17	-232	-36	-241	37	
406	1	156	-83	163	-103	138	-94	177	-118	
406	1	169	52	145	43	157	37	171	47	
406	1	-76	132	-73	164	-70	129	-122	196	
406	1	-244	299	-248	334	-258	268	-257	279	
406	1	19	-155	11	-191	3	-165	-6	-145	
406	1	80	280	114	298	102	291	126	299	
406	1	-93	19	-96	-20	-100	27	-136	-93	
406	1	247	200	293	207	335	139	363	183	
406	1	218	-193	264	-182	309	-145	275	-128	
406	1	254	-103	301	-89	321	-116	367	-100	
406	1	-41	-75	-93	-72	-136	-109	-138	-114	
406	1	84	264	126	226	103	248	14	244	
406	1	-294	-234	-287	-173	-372	-217	-309	-194	
406	1	-267	-221	-314	-176	-354	-238	-333	-212	
406	1	-30	-226	20	-177	17	-240	18	-243	
406	1	-120	-269	-113	-196	-125	-187	-141	-194	
406	1	-55	3	-129	23	-4	29	-48	-160	
406	1	-299	47	-381	34	-329	31	-333	49	
406	1	155	-175	128	-91	151	-142	163	-110	
406	1	-153	-188	-139	-94	-138	-105	-134	-130	
406	1	-263	-177	-308	-89	-196	-153	-242	-133	
406	1	191	-134	160	-34	47	-117	127	-93	
406	1	-298	117	-168	127	-155	31	-158	65	
406	1	46	284	59	152	40	291	80	256	
406	1	179	189	321	135	357	135	299	133	
406	1	-236	-69	-313	-253	-316	147	-290	-169	
406	1	242	-197	-14	134	-66	180	11	80	
406	2	163	-5	167	-15	0	0	166	23	
406	2	-98	168	-107	180	0	0	-138	180	
406	2	263	-43	273	-61	0	0	356	-126	
406	2	-46	141	-60	124	0	0	-80	172	
406	2	-8	-202	-11	-178	0	0	5	-189	
406	2	-154	205	-183	199	0	0	-321	163	
406	2	14	102	-21	105	0	0	-26	110	
406	2	-201	151	-227	124	0	0	-203	107	
406	2	-179	-172	-163	-137	0	0	5	-201	
406	2	237	-230	275	-217	0	0	343	-174	
406	2	231	18	271	36	0	0	352	84	
406	2	271	-56	313	-82	0	0	354	-86	
406	2	110	191	102	241	0	0	99	227	
406	2	-169	5	-124	37	0	0	-137	9	
406	2	75	152	132	140	0	0	135	202	
406	2	197	-197	173	-141	0	0	172	-169	
406	2	-271	176	-331	193	0	0	-187	138	
406	2	102	35	154	81	0	0	155	29	
406	2	-26	-262	8	-196	0	0	28	-229	
406	2	79	61	156	43	0	0	148	75	
406	2	244	-119	324	-85	0	0	250	-107	
406	2	-53	-70	-139	-54	0	0	243	-111	
406	2	-215	-283	-183	-194	0	0	-180	-150	
406	2	250	-268	325	-205	0	0	415	-263	
406	2	-247	71	-202	-29	0	0	-129	128	
406	2	215	101	344	115	0	0	356	131	
406	2	-126	-50	0	0	0	0	92	-34	
406	2	97	-260	-2	-155	0	0	-115	-215	
406	2	-56	-35	135	-61	0	0	175	-121	
406	2	-65	-50	165	-107	0	0	146	-93	
406	3	-21	178	-25	183	0	0	-11	181	
406	3	-137	240	-140	254	0	0	-134	217	
406	3	-216	161	-231	168	0	0	-312	176	
406	3	-135	-11	-151	3	0	0	-117	-196	
406	3	132	262	109	247	0	0	156	253	
406	3	-1	9	-11	-21	0	0	194	222	
406	3	245	-119	247	-83	0	0	229	-84	
406	3	-39	207	-20	176	0	0	134	-165	
406	3	-128	133	-166	132	0	0	-141	108	
406	3	-144	48	-144	90	0	0	-164	95	
406	3	-226	248	-231	202	0	0	-261	222	
406	3	-116	261	-163	248	0	0	-153	282	
406	3	49	-35	88	-69	0	0	107	-121	
406	3	38	-244	73	-202	0	0	127	-201	
406	3	240	-37	297	-34	0	0	284	-73	
406	3	-268	-236	-303	-187	0	0	-283	-177	
406	3	28	-14	9	49	0	0	133	-139	
406	3	162	-30	123	-88	0	0	188	109	
406	3	60	-23	109	-81	0	0	90	-102	
406	3	-108	-35	-118	-112	0	0	-104	-114	
406	3	66	-203	35	-127	0	0	13	-219	
406	3	297	-110	389	-122	0	0	396	-91	
406	3	222	-76	318	-87	0	0	361	-78	
406	3	99	-140	0	-156	0	0	-136	-139	
406	3	16	-225	-66	-137	0	0	-112	-159	
406	3	280	-156	382	-85	0	0	-80	-106	
406	3	247	-229	345	-129	0	0	382	-148	
406	3	-238	149	-90	154	0	0	-208	226	
406	3	106	-185	269	-100	0	0	177	-189	
406	3	169	256	171	-207	0	0	156	138	
407	1	-292	126	-301	121	-305	116	-314	167	
407	1	-98	-52	-102	-65	-173	-86	-156	-98	
407	1	-146	-48	-147	-66	-128	-90	-157	-122	
407	1	293	-229	296	-209	329	-147	364	-201	
407	1	-195	83	-200	108	-219	106	-207	119	
407	1	-127	-39	-106	-18	164	-63	-174	56	
407	1	187	-107	158	-95	-163	95	-255	-57	
407	1	55	-217	73	-183	85	-111	-58	93	
407	1	228	21	257	46	-70	-16	-188	110	
407	1	-11	15	-62	20	-59	-23	-68	60	
407	1	68	-145	41	-100	145	-39	277	55	
407	1	283	-238	336	-226	374	-222	361	-209	
407	1	-227	-241	-284	-217	-322	-227	-308	-202	
407	1	-111	90	-118	29	223	-47	185	-94	
407	1	-57	90	-109	44	-133	120	-152	129	
407	1	-152	189	-185	126	-154	171	-193	152	
407	1	-202	282	-224	205	122	178	-230	227	
407	1	254	-178	344	-175	387	-204	381	-176	
407	1	248	-136	343	-160	366	-82	304	-136	
407	1	287	229	387	207	389	242	341	186	
407	1	-27	-215	-90	-126	-60	-146	-8	190	
407	1	286	82	175	102	-210	100	122	109	
407	1	-76	-111	-144	-6	-186	43	-225	-63	
407	1	143	-222	112	-82	96	-103	135	-85	
407	1	-122	-161	-159	18	-140	-69	-163	-68	
407	1	239	199	96	79	-44	105	77	-74	
407	1	50	-234	-161	-114	134	-201	-147	-198	
407	1	136	-168	-166	-187	122	-151	-58	114	
407	1	-203	68	194	54	-165	104	309	84	
407	1	243	255	98	-159	101	-237	-154	-138	
407	1	84	-162	77	-157	42	-156	63	-184	
407	1	30	-112	42	-102	58	-118	105	-137	
407	1	27	149	44	140	55	148	57	100	
407	1	21	12	0	0	-38	-2	-26	-9	
407	1	-3	248	-1	222	3	184	-13	182	
407	1	29	-53	1	-42	280	121	376	182	
407	1	-248	-231	-279	-243	-313	-246	-284	-216	
407	1	-76	-103	-108	-86	-78	-122	-152	-117	
407	1	234	-236	222	-193	270	-198	257	-181	
407	1	-79	63	-117	32	-120	49	-128	77	
407	1	207	-81	154	-88	197	-200	160	-117	
407	1	-28	-18	-64	-61	-82	-89	-79	-103	
407	1	-73	-295	-124	-261	-149	-252	-70	-222	
407	1	-80	-164	-126	-209	-132	-180	-139	-248	
407	1	-91	176	-101	109	-126	95	-108	102	
407	1	232	-54	271	7	322	2	343	27	
407	1	-270	90	-283	14	-300	-10	-316	-14	
407	1	-300	23	-279	103	-146	109	-200	115	
407	1	-102	236	-122	139	-120	186	-111	163	
407	1	-202	-124	-116	-74	138	-135	-107	103	
407	1	-39	235	-3	137	-23	202	-15	187	
407	1	42	-297	44	-180	60	-199	-121	96	
407	1	115	61	12	-6	0	0	-46	6	
407	1	-74	-42	-154	73	-146	73	-219	61	
407	1	-254	273	-270	110	-313	163	-309	189	
407	1	-16	146	-97	-48	-54	139	-73	108	
407	1	-167	262	-175	46	-194	80	-181	115	
407	1	-137	-57	148	-47	242	0	255	-34	
407	1	-223	10	191	-76	209	-67	175	60	
407	1	-165	146	266	48	340	22	380	28	
407	1	-3	8	-1	1	0	0	-15	9	
407	1	-205	97	-194	90	-238	104	-232	109	
407	1	170	-296	181	-283	141	85	-172	79	
407	1	231	74	218	94	240	103	269	132	
407	1	-200	9	-209	33	-120	-187	-141	91	
407	1	96	50	122	68	166	79	168	111	
407	1	294	-31	288	2	309	12	324	7	
407	1	-298	-45	-287	-80	-294	-115	-308	-150	
407	1	-164	160	-142	125	-169	102	-190	137	
407	1	-148	-295	-160	-247	-160	-273	-157	-239	
407	1	116	-63	128	-113	116	-108	111	-89	
407	1	-76	-138	-131	-149	-138	-77	-118	-91	
407	1	-207	131	-262	148	-178	60	213	146	
407	1	206	197	148	164	-110	113	-132	128	
407	1	141	27	205	2	195	24	202	31	
407	1	-257	51	-186	53	-56	164	-21	163	
407	1	-269	59	-198	100	169	-132	-238	-44	
407	1	60	-58	137	-96	255	-76	223	-56	
407	1	-190	-10	-289	-19	-243	-44	-287	-7	
407	1	166	-56	78	-105	60	-53	-70	-91	
407	1	-44	-226	-145	-201	-45	-206	-112	-168	
407	1	140	-282	121	-168	118	-207	171	-214	
407	1	15	272	3	151	2	197	-2	196	
407	1	105	-220	132	-88	-76	-164	-137	-143	
407	1	-108	33	-274	14	-200	-68	-255	8	
407	1	61	117	-135	110	-170	-120	-157	157	
407	1	-4	185	-200	96	65	-141	111	-106	
407	1	104	-137	-193	30	-139	77	2	192	
407	1	-298	102	-1	-156	108	-145	85	-132	
407	1	251	225	-80	-93	240	-72	-222	85	
407	1	24	-218	27	-216	42	-209	27	-172	
407	1	97	-8	94	3	107	24	115	9	
407	1	-254	45	-270	41	-212	91	-231	94	
407	1	-194	70	-177	51	-166	84	-190	100	
407	1	-141	-92	-116	-79	-89	-141	-86	-135	
407	1	209	-99	179	-104	265	-4	194	-80	
407	1	-201	-103	-232	-114	-243	-153	-260	-152	
407	1	-164	-131	-131	-112	-109	-123	-154	-143	
407	1	-239	-57	-215	-92	219	75	-218	14	
407	1	284	32	324	5	331	-8	313	22	
407	1	-218	265	-239	216	-286	142	-269	139	
407	1	-76	-239	-123	-268	-122	-183	-122	-247	
407	1	260	-127	241	-181	330	-142	326	-119	
407	1	47	242	39	176	53	216	60	183	
407	1	-28	-259	3	-196	76	-209	87	-169	
407	1	-31	277	-70	210	-98	215	-142	208	
407	1	220	29	296	8	219	16	195	47	
407	1	-198	278	-206	190	-283	213	-198	206	
407	1	-265	18	-175	59	-209	97	204	-170	
407	1	15	-70	-79	-107	-86	-142	-125	-135	
407	1	-42	252	-85	156	-83	174	-97	178	
407	1	-111	24	-200	105	-199	62	-191	79	
407	1	-250	-166	-128	-114	-38	-37	-29	-8	
407	1	95	-252	91	-114	99	-223	24	-168	
407	1	-118	-49	-189	95	-223	113	-200	112	
407	1	41	106	-146	48	-117	-118	-114	-166	
407	1	-49	72	191	113	-159	92	-191	140	
407	1	-39	-110	194	40	257	52	-240	79	
407	1	216	35	-174	133	-176	113	-194	190	
407	1	-218	46	291	77	254	-194	-117	-123	
407	2	144	-87	153	-91	0	0	147	-74	
407	2	144	-10	159	-9	0	0	185	3	
407	2	12	120	2	105	0	0	11	115	
407	2	-260	61	-253	84	0	0	-263	90	
407	2	-37	-2	-11	6	0	0	-65	13	
407	2	219	18	201	-4	0	0	293	72	
407	2	84	236	58	257	0	0	60	172	
407	2	-103	142	-116	109	0	0	-138	106	
407	2	36	-6	67	-36	0	0	80	-115	
407	2	279	-176	323	-192	0	0	187	-196	
407	2	-220	-220	-265	-190	0	0	-295	-230	
407	2	134	189	183	166	0	0	318	-12	
407	2	-290	228	-311	175	0	0	-284	200	
407	2	250	-212	311	-196	0	0	222	-176	
407	2	-254	135	-275	70	0	0	-259	98	
407	2	93	161	139	103	0	0	134	82	
407	2	-232	-2	-220	-83	0	0	163	66	
407	2	282	-71	337	-1	0	0	355	27	
407	2	83	194	-14	181	0	0	-6	197	
407	2	263	-61	164	-32	0	0	-262	87	
407	2	-227	13	-130	-35	0	0	364	-197	
407	2	140	168	233	95	0	0	205	113	
407	2	239	204	328	113	0	0	139	77	
407	2	132	149	270	134	0	0	276	78	
407	2	129	279	131	100	0	0	206	118	
407	2	-65	-260	-162	-86	0	0	-301	-208	
407	2	-41	-169	167	-120	0	0	-228	121	
407	2	79	117	-147	-84	0	0	-23	-165	
407	2	-223	173	-201	-185	0	0	-110	103	
407	2	127	209	-170	-150	0	0	-19	-9	
407	3	-298	204	-290	204	0	0	-228	103	
407	3	-112	122	-118	110	0	0	-200	98	
407	3	-228	18	-244	9	0	0	-315	-1	
407	3	38	1	63	-1	0	0	84	-62	
407	3	-82	-35	-88	-61	0	0	-99	-78	
407	3	111	-102	134	-80	0	0	153	-168	
407	3	-60	241	-65	210	0	0	-177	172	
407	3	137	-125	138	-87	0	0	146	-119	
407	3	-155	221	-126	192	0	0	-144	160	
407	3	-21	-48	-46	-90	0	0	-141	-98	
407	3	-237	-89	-186	-91	0	0	-221	-63	
407	3	42	-150	92	-173	0	0	140	-169	
407	3	234	-112	178	-89	0	0	-74	-185	
407	3	132	-131	112	-189	0	0	90	-205	
407	3	54	-270	76	-205	0	0	78	-131	
407	3	290	93	364	94	0	0	331	88	
407	3	-82	-259	-133	-197	0	0	-196	110	
407	3	37	-26	60	-107	0	0	-208	-160	
407	3	126	200	194	134	0	0	123	138	
407	3	152	228	130	130	0	0	253	-23	
407	3	255	-166	175	-238	0	0	137	-180	
407	3	215	-261	333	-239	0	0	20	-152	
407	3	-81	160	-200	112	0	0	-252	-24	
407	3	-190	-193	-215	-52	0	0	208	-16	
407	3	138	-244	118	-70	0	0	338	-74	
407	3	156	20	153	-167	0	0	161	-10	
407	3	125	-1	-105	99	0	0	-97	113	
407	3	44	104	-164	-72	0	0	153	-153	
407	3	197	82	-155	-68	0	0	-170	28	
407	3	210	150	-169	-42	0	0	-276	85	
408	1	-42	68	-45	73	-48	74	-55	72	
408	1	45	152	29	163	-90	194	-3	194	
408	1	267	-268	286	-250	321	-215	324	-240	
408	1	204	214	173	218	354	88	154	-226	
408	1	243	270	284	272	129	-220	205	209	
408	1	95	-289	131	-266	-140	-232	141	-281	
408	1	38	43	62	83	49	47	61	30	
408	1	145	178	119	133	161	185	176	208	
408	1	142	170	171	216	147	217	176	212	
408	1	267	-224	313	-256	313	-232	334	-245	
408	1	-67	-196	-128	-186	-86	-72	-177	-283	
408	1	99	-180	136	-231	113	-251	142	-256	
408	1	278	-33	317	29	285	60	306	76	
408	1	252	168	196	223	110	-273	168	236	
408	1	273	-165	251	-85	322	97	180	220	
408	1	-194	101	-271	161	-234	138	-229	108	
408	1	-94	-72	-77	24	-221	174	104	204	
408	1	-52	13	-154	1	198	153	329	137	
408	1	-283	46	-309	155	106	86	287	82	
408	1	-76	175	-188	153	-140	136	-269	-106	
408	1	17	69	5	194	-54	90	-38	175	
408	1	27	274	153	229	-105	-196	-73	87	
408	1	219	18	384	27	-327	42	-234	-234	
408	1	173	-190	180	6	-128	83	-137	95	
408	1	-243	17	-98	175	-103	164	82	232	
408	1	-16	121	168	261	211	219	200	266	
408	1	-17	179	-226	-18	17	192	-1	6	
408	1	26	-88	341	-3	298	-95	404	-95	
408	1	-137	-145	162	101	100	-266	-314	-114	
408	1	-297	-130	269	-14	114	-221	-193	-204	
408	1	-110	-215	-119	-226	-9	-78	-175	193	
408	1	-63	-104	-74	-116	-112	-106	-86	60	
408	1	107	35	93	59	95	121	84	137	
408	1	-11	-31	19	-48	292	-221	202	-268	
408	1	15	143	14	183	-149	-252	-131	-126	
408	1	-173	-186	-143	-218	-123	-147	-171	-241	
408	1	84	193	84	241	-108	153	176	226	
408	1	278	-131	319	-102	352	-155	376	-146	
408	1	-110	132	-157	109	-229	189	-221	222	
408	1	-257	262	-254	206	-286	195	-272	212	
408	1	-291	258	-318	203	-337	207	-362	189	
408	1	-197	83	-220	23	-111	100	-20	87	
408	1	130	202	61	202	167	201	181	239	
408	1	241	162	300	214	182	235	207	178	
408	1	53	-206	10	-282	6	-267	4	-306	
408	1	-205	-243	-299	-257	-260	-235	176	-230	
408	1	-275	-175	-177	-163	3	1	267	-242	
408	1	-261	165	-161	199	99	146	147	153	
408	1	122	110	16	145	27	94	63	145	
408	1	218	140	337	153	352	208	352	199	
408	1	177	-78	160	-199	-260	-204	-64	-42	
408	1	202	-129	329	-99	347	135	342	-187	
408	1	-199	220	-200	78	-281	-15	-237	219	
408	1	-91	-200	106	-181	-114	82	286	25	
408	1	-199	-27	-77	140	-81	63	-80	215	
408	1	183	201	209	-18	-315	-257	88	97	
408	1	-116	-138	-235	102	32	71	-90	110	
408	1	-273	240	-196	-101	-77	150	-345	206	
408	1	-114	-240	-175	201	-207	233	-206	254	
408	1	292	221	-230	199	-160	200	-60	84	
408	1	204	270	203	259	203	210	169	212	
408	1	-105	-256	-89	-257	-144	148	-132	205	
408	1	11	5	1	33	-171	-205	-218	-228	
408	1	-262	24	-283	-1	-339	1	-331	99	
408	1	-297	242	-288	204	-269	-97	-191	145	
408	1	147	175	188	165	303	-278	-203	-268	
408	1	45	-64	71	-25	54	-44	80	88	
408	1	-107	-170	-134	-214	-310	-103	-184	-155	
408	1	-117	146	-104	200	89	174	99	232	
408	1	241	-111	289	-79	343	-213	407	-98	
408	1	-187	292	-229	246	-250	238	-22	-175	
408	1	-296	-290	-267	-232	-326	-275	-328	-247	
408	1	-30	134	-101	131	116	98	-184	23	
408	1	-140	160	-207	121	-278	187	84	-79	
408	1	19	234	89	183	-119	-219	41	128	
408	1	193	38	277	11	231	150	356	-111	
408	1	75	29	125	113	120	61	201	210	
408	1	-261	283	-268	174	85	-88	-226	172	
408	1	180	222	285	255	217	233	229	212	
408	1	231	-212	254	-93	204	-214	151	-258	
408	1	129	-238	254	-257	-131	-180	65	259	
408	1	289	46	249	174	92	-131	-349	84	
408	1	153	-115	163	-266	-365	179	-357	220	
408	1	192	-106	217	78	113	125	54	64	
408	1	-226	22	-328	-165	-285	213	-261	212	
408	1	16	-165	111	60	67	152	-123	-231	
408	1	158	127	-119	141	71	11	39	218	
408	1	-142	-184	-308	121	-60	-49	121	-231	
408	1	-76	-169	112	185	101	208	-22	-170	
408	1	-235	160	121	-126	-93	120	85	2	
408	1	-176	217	-179	229	-236	232	-126	238	
408	1	-1	216	16	219	14	170	334	233	
408	1	92	-5	108	-24	168	-207	-275	227	
408	1	73	247	86	219	112	221	97	201	
408	1	-15	-20	-49	-36	-63	28	-46	101	
408	1	157	252	127	221	107	217	145	249	
408	1	-298	-33	-291	-79	-338	170	-329	-117	
408	1	129	50	87	77	72	121	-75	108	
408	1	-112	145	-150	181	-247	195	3	187	
408	1	-109	8	-106	-48	-122	77	-124	87	
408	1	225	-213	260	-263	-87	-97	199	190	
408	1	-253	234	-189	235	-241	208	-259	231	
408	1	206	-38	278	-45	-310	-80	139	-207	
408	1	120	-201	150	-130	293	96	388	98	
408	1	161	-107	184	-190	224	-194	-146	-126	
408	1	-256	96	-203	21	-160	-203	-324	-152	
408	1	23	-222	-69	-254	-63	-244	340	219	
408	1	215	-290	313	-263	312	-258	-69	-270	
408	1	-191	84	-159	194	-186	-103	165	236	
408	1	40	-121	142	-177	14	-52	129	-123	
408	1	219	-70	114	-2	67	5	87	111	
408	1	65	-24	189	-94	173	-228	189	-229	
408	1	149	-108	290	-186	126	-236	255	-264	
408	1	-36	-248	-217	-238	-159	-268	-170	-277	
408	1	-69	-23	127	61	-382	-131	327	145	
408	1	-220	167	-283	-86	-165	-131	-137	-215	
408	1	183	120	-102	98	-125	92	-136	86	
408	1	58	-200	-274	-110	-352	-103	-342	-178	
408	1	288	-262	113	126	-87	-229	-135	-211	
408	1	-4	273	-92	-239	190	235	155	89	
408	2	58	-33	52	-33	0	0	59	-46	
408	2	236	-244	220	-255	0	0	116	83	
408	2	146	-252	130	-265	0	0	157	-250	
408	2	-274	272	-249	252	0	0	351	-113	
408	2	12	56	0	96	0	0	-2	167	
408	2	25	-38	0	-1	0	0	295	-127	
408	2	-281	-164	-319	-135	0	0	-235	-115	
408	2	240	-104	198	-77	0	0	200	-215	
408	2	-213	149	-266	133	0	0	-365	140	
408	2	-131	126	-94	171	0	0	83	106	
408	2	288	-188	347	-210	0	0	430	-165	
408	2	114	-262	128	-200	0	0	152	-269	
408	2	-71	-50	-112	11	0	0	-212	-115	
408	2	-199	-150	-276	-169	0	0	-296	-230	
408	2	-79	178	-146	128	0	0	-354	215	
408	2	-289	174	-223	108	0	0	-296	219	
408	2	275	134	324	220	0	0	230	162	
408	2	79	230	180	239	0	0	200	254	
408	2	-60	-238	1	-143	0	0	-85	-245	
408	2	-35	234	-82	123	0	0	-334	125	
408	2	-52	-298	-140	-208	0	0	-277	190	
408	2	-154	-82	-251	-1	0	0	-183	-132	
408	2	-159	-85	-295	5	0	0	-330	-156	
408	2	268	-41	87	40	0	0	-70	-116	
408	2	-76	-121	-113	92	0	0	-61	76	
408	2	-14	162	-247	184	0	0	226	248	
408	2	111	77	-151	99	0	0	166	208	
408	2	101	-136	202	141	0	0	378	-252	
408	2	-35	193	-126	-223	0	0	75	225	
408	2	285	-274	203	248	0	0	210	233	
408	3	-265	-188	-273	-200	0	0	-174	-164	
408	3	-17	113	-20	133	0	0	-45	209	
408	3	-5	-105	-15	-82	0	0	-61	-137	
408	3	14	-282	16	-248	0	0	7	-108	
408	3	114	-267	150	-248	0	0	-326	-139	
408	3	115	-213	153	-194	0	0	355	209	
408	3	70	174	34	203	0	0	-246	205	
408	3	250	260	209	230	0	0	153	209	
408	3	-75	48	-109	88	0	0	-68	93	
408	3	19	-184	-17	-228	0	0	117	-245	
408	3	-205	-135	-257	-101	0	0	-62	-92	
408	3	209	121	142	120	0	0	-68	-101	
408	3	190	43	257	51	0	0	364	87	
408	3	186	161	195	239	0	0	147	207	
408	3	-299	88	-286	166	0	0	-237	169	
408	3	-89	189	-119	99	0	0	-261	-96	
408	3	81	-31	121	-123	0	0	360	-216	
408	3	87	-35	148	49	0	0	124	-111	
408	3	253	-181	291	-76	0	0	367	-122	
408	3	-225	251	-280	142	0	0	168	-225	
408	3	216	54	337	31	0	0	166	237	
408	3	-291	-23	-396	53	0	0	-114	-249	
408	3	204	223	104	92	0	0	37	238	
408	3	232	55	46	98	0	0	-285	171	
408	3	196	-39	177	-249	0	0	-91	-246	
408	3	25	-81	-143	-242	0	0	-291	93	
408	3	89	-228	-192	-192	0	0	-347	-118	
408	3	22	92	-164	-176	0	0	-144	-199	
408	3	-88	114	144	-189	0	0	373	-255	
408	3	184	188	-265	96	0	0	-312	-267	
409	1	-113	-75	-112	-81	-99	-78	-97	-80	
409	1	137	-119	130	-134	110	-173	126	-149	
409	1	244	277	253	299	241	289	240	292	
409	1	-128	-231	-116	-206	-126	-222	-116	-203	
409	1	20	158	5	123	-4	106	35	215	
409	1	-1	86	-42	85	205	-201	167	-221	
409	1	-5	267	4	225	-3	219	8	227	
409	1	91	145	122	180	109	206	90	232	
409	1	38	-268	5	-309	59	-299	-4	-311	
409	1	204	-297	260	-287	285	-263	304	-302	
409	1	300	17	239	4	248	0	261	0	
409	1	-154	38	-200	-8	-221	2	-246	-18	
409	1	-260	-295	-191	-306	-260	-305	-286	-311	
409	1	-286	-48	-248	-110	-208	71	-245	-154	
409	1	-165	150	-225	98	-174	97	-212	176	
409	1	279	-223	299	-301	301	-242	303	-267	
409	1	-212	199	-254	123	-275	163	-294	227	
409	1	-75	-201	-59	-291	-79	-189	-54	-244	
409	1	28	58	99	118	114	134	115	162	
409	1	-26	43	-110	-13	-104	30	-96	-96	
409	1	265	67	359	105	322	89	293	155	
409	1	285	-91	394	-98	357	19	366	-91	
409	1	237	114	331	174	317	137	311	181	
409	1	-195	-135	-154	-9	-157	170	-1	-2	
409	1	-188	-186	-276	-62	-220	-147	-217	-166	
409	1	-299	59	-146	34	83	275	116	281	
409	1	-53	-143	-147	86	113	278	-198	-39	
409	1	165	-254	-125	-225	294	26	151	243	
409	1	127	-227	-189	-16	-102	139	-142	-120	
409	1	-242	-67	273	285	262	280	248	292	
409	1	14	-140	12	-138	24	-106	20	-101	
409	1	-85	293	-73	298	-62	275	-78	295	
409	1	-59	50	-79	45	-91	-140	-100	10	
409	1	103	95	122	120	95	104	128	4	
409	1	-30	-77	3	-76	-41	-145	-85	-175	
409	1	-127	109	-155	138	-259	96	-152	77	
409	1	-41	273	0	293	11	296	15	300	
409	1	-130	-60	-161	-23	-150	-9	-124	-13	
409	1	203	267	173	310	235	290	191	310	
409	1	-174	27	-225	2	-265	1	-327	10	
409	1	-200	201	-205	264	-198	282	-255	278	
409	1	-135	-29	-183	16	151	273	149	258	
409	1	278	-203	220	-240	136	-180	325	-205	
409	1	124	154	145	224	165	188	125	198	
409	1	86	198	162	190	-114	-242	122	-137	
409	1	175	-23	152	55	125	40	147	58	
409	1	-156	176	-72	165	-74	145	-72	192	
409	1	-234	17	-166	74	175	-245	216	-283	
409	1	12	-71	3	20	37	51	91	60	
409	1	203	-128	143	-207	347	-98	154	-82	
409	1	-274	285	-225	194	-238	138	-251	293	
409	1	79	-253	187	-271	102	-289	149	-299	
409	1	-170	124	-278	154	-296	207	-333	188	
409	1	-122	40	-224	-48	147	-116	-162	-137	
409	1	-206	239	-349	273	-283	265	-344	301	
409	1	94	127	0	0	-315	-109	-245	114	
409	1	223	-189	116	-10	133	-264	71	205	
409	1	-151	193	-199	-130	355	20	-156	-210	
409	1	90	171	-124	-85	-208	-177	-219	39	
409	1	225	143	-133	-71	262	217	304	201	
409	1	0	-110	3	-106	2	-139	4	-126	
409	1	-19	-129	-18	-138	-211	-157	263	76	
409	1	-64	206	-62	224	-63	233	-71	294	
409	1	118	-212	101	-186	95	271	76	273	
409	1	65	95	75	60	275	5	251	95	
409	1	-162	-30	-201	-15	-176	-1	-227	21	
409	1	140	-205	134	-248	323	-207	327	-240	
409	1	-274	-44	-278	2	-290	37	-322	2	
409	1	-277	-104	-277	-54	-314	32	117	-278	
409	1	-275	289	-222	277	-284	282	-341	284	
409	1	185	-99	236	-136	256	-177	246	-179	
409	1	230	113	207	174	-182	-206	-277	-171	
409	1	193	125	244	76	181	234	310	176	
409	1	80	300	7	300	10	296	-54	296	
409	1	-239	59	-206	-9	-279	27	-253	-4	
409	1	-58	-121	8	-167	0	-175	-5	-241	
409	1	12	-212	2	-296	3	-307	14	-298	
409	1	-11	198	24	280	-100	177	-45	236	
409	1	-188	46	-214	-43	-237	7	-261	0	
409	1	276	89	342	159	322	77	336	141	
409	1	-232	-257	-190	-164	-250	-211	-208	-168	
409	1	-156	223	-214	129	-198	260	193	-275	
409	1	49	181	129	261	213	258	209	220	
409	1	-104	-180	-224	-182	-221	-187	-166	-120	
409	1	136	80	172	-56	115	-117	127	-63	
409	1	42	-95	150	-218	150	-108	158	-175	
409	1	-281	167	-244	-15	-195	-59	-253	-163	
409	1	156	-18	-98	22	-299	70	-111	6	
409	1	-190	-69	-313	251	-266	197	-287	219	
409	1	-236	56	90	-294	128	228	154	250	
409	1	-35	-290	-34	-287	-92	-301	-115	-303	
409	1	-4	-19	7	-26	6	-21	-2	-23	
409	1	300	-214	312	-228	311	-238	346	-279	
409	1	113	262	134	277	116	285	119	264	
409	1	179	242	173	210	148	203	199	213	
409	1	222	189	251	160	183	10	-128	35	
409	1	-168	43	-140	8	-151	-6	-168	-5	
409	1	-64	-181	-110	-176	-111	-184	-92	-126	
409	1	215	188	268	181	270	174	318	173	
409	1	-69	252	-28	293	-39	289	-55	295	
409	1	-12	215	-2	276	19	263	17	295	
409	1	229	-36	244	29	252	40	246	17	
409	1	-110	275	-65	225	-87	178	-64	199	
409	1	158	-7	206	-62	170	-103	219	-185	
409	1	289	108	281	184	363	149	380	38	
409	1	203	182	259	124	-241	-204	-228	-228	
409	1	90	-9	41	58	46	41	71	46	
409	1	164	-74	162	17	182	1	152	5	
409	1	266	-6	250	88	263	51	326	151	
409	1	199	-242	292	-271	283	-232	229	-282	
409	1	-222	-289	-121	-310	53	44	109	-145	
409	1	56	128	42	238	2	139	33	192	
409	1	-78	-75	4	10	3	-49	2	-20	
409	1	191	131	292	48	304	35	323	113	
409	1	5	-72	-133	-96	-78	-14	-57	-35	
409	1	-149	254	-66	116	104	252	-205	48	
409	1	-274	1	-148	-197	-279	25	-250	26	
409	1	290	66	293	-266	242	-201	-128	68	
409	1	176	-241	200	145	239	-275	-230	-223	
409	1	251	-117	-381	78	-191	-183	-122	-101	
409	2	-169	61	-169	57	0	0	-170	87	
409	2	-4	239	8	239	0	0	-1	287	
409	2	-242	-209	-222	-218	0	0	-292	-206	
409	2	5	-47	1	-21	0	0	-1	-3	
409	2	88	-244	123	-234	0	0	95	-228	
409	2	-148	247	-171	281	0	0	-201	295	
409	2	-106	153	-110	195	0	0	-106	171	
409	2	45	267	5	292	0	0	-1	293	
409	2	-27	-276	-5	-232	0	0	4	-287	
409	2	-152	-7	-211	-4	0	0	-281	109	
409	2	177	142	188	84	0	0	-234	124	
409	2	-244	-177	-222	-239	0	0	-232	-186	
409	2	-233	-23	-299	4	0	0	-273	-24	
409	2	57	154	129	172	0	0	103	145	
409	2	231	15	295	-26	0	0	329	-19	
409	2	-81	96	-135	34	0	0	-125	25	
409	2	157	-50	198	24	0	0	256	-107	
409	2	-234	167	-299	228	0	0	-203	123	
409	2	95	125	4	94	0	0	2	149	
409	2	121	227	201	288	0	0	216	-97	
409	2	102	287	3	248	0	0	1	272	
409	2	259	-69	353	-10	0	0	-190	-170	
409	2	268	-80	194	9	0	0	219	-27	
409	2	-65	231	-181	266	0	0	-190	-271	
409	2	215	172	192	37	0	0	117	261	
409	2	17	-135	-152	-68	0	0	-97	-246	
409	2	-227	13	-237	-220	0	0	-382	21	
409	2	-162	-295	-201	19	0	0	243	79	
409	2	-162	110	226	36	0	0	132	-125	
409	2	200	-297	-146	8	0	0	-295	17	
409	3	1	272	6	264	0	0	1	308	
409	3	217	156	206	148	0	0	322	95	
409	3	256	42	259	23	0	0	355	155	
409	3	22	-172	3	-195	0	0	8	-301	
409	3	269	159	284	125	0	0	285	-37	
409	3	222	-231	262	-220	0	0	321	-221	
409	3	-199	243	-177	282	0	0	-197	271	
409	3	-262	35	-267	-12	0	0	-264	1	
409	3	13	-272	-22	-231	0	0	-1	-249	
409	3	-167	-139	-214	-105	0	0	-162	-267	
409	3	51	21	-1	-9	0	0	-264	-10	
409	3	214	289	159	254	0	0	163	265	
409	3	247	272	312	286	0	0	-73	-1	
409	3	-285	269	-212	255	0	0	-203	273	
409	3	295	32	314	109	0	0	359	102	
409	3	-77	207	-94	286	0	0	-144	280	
409	3	-238	-173	-158	-155	0	0	-208	-155	
409	3	241	147	292	220	0	0	348	210	
409	3	140	-115	123	-209	0	0	114	-207	
409	3	259	-107	275	-204	0	0	-197	-27	
409	3	67	-204	71	-308	0	0	106	-253	
409	3	162	-149	101	-57	0	0	262	-188	
409	3	217	-181	122	-241	0	0	149	-263	
409	3	5	-200	-80	-299	0	0	-6	-294	
409	3	240	-146	290	-274	0	0	269	-285	
409	3	-22	-115	-34	-297	0	0	-276	15	
409	3	-221	-68	-155	-241	0	0	-199	-1	
409	3	23	-248	-142	16	0	0	-264	2	
409	3	205	-238	137	107	0	0	-66	172	
409	3	111	221	-195	-269	0	0	258	-300	
410	1	256	-15	248	-19	243	-28	265	-18	
410	1	5	153	10	168	-5	168	-4	170	
410	1	-56	173	-43	157	-50	160	-46	161	
410	1	138	-262	144	-237	198	-267	-56	-99	
410	1	-278	116	-306	123	-346	220	-339	135	
410	1	-19	-80	-25	-48	-49	-105	-65	-91	
410	1	246	68	230	38	242	30	258	48	
410	1	244	-103	239	-138	250	-191	200	-177	
410	1	133	-274	105	-244	152	-239	126	-229	
410	1	-291	-54	-311	-92	-296	-120	-295	-79	
410	1	224	99	226	144	237	135	-134	182	
410	1	-72	-31	-24	-29	-237	-21	-136	-120	
410	1	150	-184	153	-129	107	-126	108	-132	
410	1	217	268	274	262	385	336	204	257	
410	1	-230	287	-183	243	-251	304	-318	288	
410	1	-149	-20	-219	-23	-157	-7	-175	-19	
410	1	175	46	175	-26	127	64	-14	202	
410	1	-44	99	-35	178	-74	188	-26	172	
410	1	-27	-203	-3	-116	194	48	-123	-135	
410	1	-147	-228	-221	-287	-236	-243	-209	-227	
410	1	-240	136	-287	225	-369	185	-349	215	
410	1	166	42	261	88	184	175	193	175	
410	1	293	-97	184	-149	233	-75	178	-107	
410	1	-270	53	-204	163	3	79	111	114	
410	1	94	124	164	-1	199	-57	159	-75	
410	1	97	55	243	80	263	45	163	57	
410	1	-54	-238	75	-107	-57	-122	-45	-190	
410	1	131	244	170	29	-301	34	-231	115	
410	1	-181	60	154	38	-18	-91	-75	-100	
410	1	-233	139	151	32	297	128	226	106	
410	1	3	197	2	204	-3	148	-5	199	
410	1	94	46	107	49	-231	123	132	72	
410	1	176	259	173	243	257	233	193	264	
410	1	221	83	243	95	263	100	279	-42	
410	1	-11	142	17	146	11	204	-2	94	
410	1	-131	-113	-128	-144	-191	-187	-123	-185	
410	1	9	-237	41	-233	-164	-82	-154	-27	
410	1	-209	-7	-174	-5	-157	-6	-191	3	
410	1	140	164	113	135	105	120	110	140	
410	1	106	-289	85	-251	77	-218	93	-231	
410	1	-25	-115	-51	-77	-63	-98	-48	-114	
410	1	280	134	320	160	403	175	329	190	
410	1	-41	72	-80	106	-230	225	-311	258	
410	1	276	-205	232	-245	280	-222	253	-238	
410	1	276	-55	218	-33	322	98	228	-19	
410	1	-31	22	-43	90	-30	-105	72	174	
410	1	42	-296	1	-236	0	-228	7	-223	
410	1	-23	-178	-83	-120	70	-217	-222	-247	
410	1	-173	118	-94	156	110	-52	-137	156	
410	1	154	28	134	-63	228	-80	219	-68	
410	1	-98	31	-169	-36	-142	-26	-197	-7	
410	1	296	127	227	36	283	77	226	60	
410	1	-25	-104	93	-130	9	-156	1	-210	
410	1	-262	270	-248	140	-291	114	-302	92	
410	1	-48	-163	89	-132	262	-207	-115	-175	
410	1	4	-98	-1	64	-73	-98	-82	-154	
410	1	208	-244	76	-96	279	-232	278	-261	
410	1	-272	189	-87	72	0	-5	-211	-70	
410	1	97	140	133	-182	165	-220	158	-208	
410	1	287	-205	-95	-120	122	123	-208	87	
410	1	162	-159	168	-161	101	-102	-94	-133	
410	1	16	241	7	251	-6	-231	225	10	
410	1	251	-188	245	-202	340	-203	287	-249	
410	1	223	146	202	164	-178	154	-180	158	
410	1	-136	288	-106	295	8	73	18	124	
410	1	266	-144	236	-131	254	-132	226	-202	
410	1	187	167	166	193	-130	-18	-182	-26	
410	1	207	-192	231	-220	269	-232	261	-225	
410	1	85	101	119	122	123	139	137	140	
410	1	158	-64	119	-42	153	-63	192	-72	
410	1	141	127	185	116	221	105	158	147	
410	1	-81	-167	-127	-172	-256	-213	-134	-191	
410	1	173	216	159	271	224	239	231	261	
410	1	176	99	212	49	161	-217	139	152	
410	1	218	278	163	248	221	280	159	274	
410	1	-225	-210	-265	-266	-300	-260	-300	-233	
410	1	-89	111	-98	36	-215	66	-180	47	
410	1	131	16	168	89	255	92	247	-225	
410	1	-300	178	-277	92	-297	16	-261	-22	
410	1	-126	78	-222	65	-191	60	-229	80	
410	1	-165	95	-201	3	-195	-54	-171	-9	
410	1	-145	-4	-105	99	-204	5	-188	-2	
410	1	-160	-202	-237	-107	253	85	-194	-89	
410	1	-49	65	-177	78	221	176	-211	83	
410	1	-114	97	-222	11	-237	-126	-215	-109	
410	1	261	-126	258	35	330	20	-281	52	
410	1	28	-35	-172	-62	263	67	-261	76	
410	1	296	230	260	7	97	-94	272	45	
410	1	63	-10	-168	83	-104	-62	203	38	
410	1	-288	-259	-286	127	-285	-176	-300	-157	
410	1	228	-79	224	-88	134	-110	114	-42	
410	1	166	-1	153	8	153	-51	148	-35	
410	1	244	-248	255	-229	259	-227	250	-220	
410	1	-96	284	-96	258	-63	254	-152	268	
410	1	32	28	56	44	105	30	32	-31	
410	1	-294	-217	-319	-236	-290	-246	-318	-237	
410	1	-58	146	-91	141	-58	161	-80	147	
410	1	58	-111	30	-137	-107	-123	279	-28	
410	1	31	-272	7	-239	12	-250	9	-253	
410	1	34	-72	0	-99	-3	-118	4	-114	
410	1	-213	-219	-256	-230	-265	-223	-263	-230	
410	1	258	-129	232	-167	296	-220	281	-211	
410	1	175	-101	126	-107	137	-100	99	-96	
410	1	-41	180	10	153	-159	150	-80	155	
410	1	102	-97	57	-54	89	-83	122	-77	
410	1	171	77	199	143	-117	27	-129	60	
410	1	-144	80	-100	138	-129	147	-265	161	
410	1	292	-199	303	-284	326	-269	292	-232	
410	1	190	-104	147	-24	-118	-51	-267	-73	
410	1	-181	83	-118	13	-161	50	-146	-24	
410	1	-14	226	9	131	-8	164	24	173	
410	1	238	-224	158	-161	220	211	119	169	
410	1	-279	-50	-239	-160	-242	81	-303	-63	
410	1	-16	123	-97	26	-164	42	-172	-8	
410	1	103	-233	247	-231	173	-233	245	-232	
410	1	-110	-49	-210	-168	-4	-6	-217	-171	
410	1	-84	-149	67	-12	-123	73	-163	-98	
410	1	142	-60	254	161	213	154	256	-223	
410	1	-299	225	-51	102	140	-89	241	67	
410	1	111	-149	-125	184	-305	-71	-262	-49	
410	2	-150	-122	-147	-121	0	0	-142	-127	
410	2	69	150	66	159	0	0	41	156	
410	2	108	128	97	108	0	0	-307	132	
410	2	-112	118	-104	140	0	0	-109	137	
410	2	35	207	15	188	0	0	162	88	
410	2	-12	92	11	70	0	0	-238	59	
410	2	249	-55	265	-26	0	0	307	155	
410	2	38	187	5	173	0	0	93	235	
410	2	60	15	59	-25	0	0	57	-21	
410	2	288	-209	273	-249	0	0	317	-274	
410	2	-168	-36	-148	-76	0	0	-222	-22	
410	2	104	-50	70	-85	0	0	81	-104	
410	2	188	67	231	38	0	0	-138	-188	
410	2	-203	-229	-258	-249	0	0	-265	-209	
410	2	97	211	156	180	0	0	-258	85	
410	2	-98	-159	-166	-169	0	0	-113	-166	
410	2	238	-256	232	-178	0	0	261	-240	
410	2	-93	-26	-84	54	0	0	-144	152	
410	2	-87	-202	-174	-225	0	0	-169	-115	
410	2	-66	-63	-106	23	0	0	126	129	
410	2	287	236	228	159	0	0	316	168	
410	2	-217	147	-210	32	0	0	-162	49	
410	2	7	-212	59	-101	0	0	-1	-138	
410	2	-197	63	-282	-25	0	0	-308	-7	
410	2	106	-159	142	-24	0	0	155	171	
410	2	-248	191	-104	141	0	0	-286	160	
410	2	-70	75	100	-21	0	0	122	-127	
410	2	214	136	198	-89	0	0	231	-118	
410	2	3	-87	119	162	0	0	323	101	
410	2	-183	159	-156	-179	0	0	269	-164	
410	3	-83	-276	-84	-278	0	0	-107	-296	
410	3	238	55	244	44	0	0	234	78	
410	3	-201	-13	-216	-23	0	0	-182	-142	
410	3	41	227	39	251	0	0	-175	231	
410	3	-279	-103	-249	-110	0	0	234	54	
410	3	268	-48	283	-20	0	0	274	28	
410	3	-133	11	-102	21	0	0	-35	106	
410	3	-123	-110	-112	-145	0	0	-188	-157	
410	3	105	151	145	157	0	0	161	125	
410	3	71	112	109	134	0	0	117	-236	
410	3	-120	110	-84	80	0	0	-115	104	
410	3	-179	41	-209	6	0	0	196	83	
410	3	7	258	-4	207	0	0	6	238	
410	3	60	173	3	161	0	0	-168	-86	
410	3	-216	-117	-168	-158	0	0	-251	-141	
410	3	-169	-203	-101	-227	0	0	-128	-153	
410	3	170	-9	125	-73	0	0	151	-75	
410	3	191	-129	111	-116	0	0	-111	-227	
410	3	266	95	313	171	0	0	321	165	
410	3	74	122	55	212	0	0	2	192	
410	3	129	-93	33	-86	0	0	48	-77	
410	3	23	-269	114	-215	0	0	161	185	
410	3	-137	-170	-254	-165	0	0	-113	-74	
410	3	-250	101	-143	36	0	0	-198	78	
410	3	95	252	98	113	0	0	138	162	
410	3	-134	264	-61	100	0	0	79	158	
410	3	278	170	127	51	0	0	184	132	
410	3	52	-92	26	128	0	0	1	181	
410	3	-193	-238	-10	-68	0	0	111	-121	
410	3	-294	220	-134	-270	0	0	-146	-246	
411	1	-11	241	0	240	-1	235	-23	264	
411	1	-231	131	-219	116	-177	31	-142	250	
411	1	67	35	47	39	58	50	50	48	
411	1	236	151	262	140	259	153	242	147	
411	1	-157	-278	-163	-241	-152	-253	-143	-239	
411	1	-281	58	-239	58	-247	40	-252	5	
411	1	126	-264	105	-219	-95	-232	-94	-255	
411	1	-269	1	-216	-7	-234	7	-336	9	
411	1	-112	-127	-110	-70	-112	-80	-106	-75	
411	1	-225	-86	-273	-130	-342	-238	-147	-245	
411	1	267	-16	195	0	212	0	270	12	
411	1	-228	-111	-235	-194	-238	-155	-267	-236	
411	1	158	-43	154	45	157	135	238	64	
411	1	-236	144	-259	237	-251	250	-253	247	
411	1	144	-184	243	-144	261	46	245	63	
411	1	286	-42	253	-149	254	-246	249	145	
411	1	-143	-99	-261	-150	-251	-139	-270	-143	
411	1	198	280	145	157	205	175	143	256	
411	1	283	107	144	103	-281	71	-249	-155	
411	1	212	44	89	-35	121	60	155	-143	
411	1	-91	-67	-229	-153	241	223	107	-70	
411	1	111	-185	255	-62	260	-251	246	-154	
411	1	90	-79	122	131	-158	162	-97	-163	
411	1	-67	-130	-112	89	115	77	324	160	
411	1	116	-19	-133	16	170	-1	151	168	
411	1	-170	-279	96	-149	-115	-248	-151	-59	
411	1	132	12	358	-251	345	-239	350	-241	
411	1	170	21	-198	147	-257	-229	-246	235	
411	1	-246	-253	152	-145	143	52	62	144	
411	1	225	143	-244	159	-330	47	-254	22	
411	1	117	59	107	67	136	62	147	89	
411	1	-166	205	-149	193	-199	20	-177	178	
411	1	-17	-44	-3	-26	-8	-76	-11	-81	
411	1	1	224	-8	199	4	-103	-12	-34	
411	1	-42	223	-9	212	256	-69	-101	-140	
411	1	29	34	1	0	-16	-15	-9	-22	
411	1	9	-139	35	-98	13	-197	152	-148	
411	1	139	27	193	17	66	-41	17	28	
411	1	-36	-86	7	-129	-21	-126	-14	-163	
411	1	192	-119	254	-144	235	31	260	-161	
411	1	189	228	117	221	136	245	152	255	
411	1	111	-31	48	23	-70	-90	52	-48	
411	1	-229	194	-185	120	-262	85	-274	126	
411	1	0	94	1	0	-158	161	-221	-2	
411	1	-57	44	-53	-58	-50	-44	62	45	
411	1	52	28	-49	81	-42	222	53	-244	
411	1	-143	-200	-258	-156	-259	-155	-252	-150	
411	1	9	-193	119	-123	-145	-232	-153	-253	
411	1	-157	-30	-104	-160	-278	-9	-158	9	
411	1	-157	-122	-249	-241	-355	-153	-260	-145	
411	1	-137	86	-105	-78	110	78	104	54	
411	1	-79	-169	-164	-6	-106	-209	-111	-241	
411	1	250	212	211	-4	-101	-224	-262	166	
411	1	169	67	-49	-21	-54	-44	-84	-62	
411	1	19	-100	153	121	-152	-238	-348	-252	
411	1	235	139	167	-125	156	150	150	243	
411	1	103	-203	-232	-146	-170	215	156	-163	
411	1	-169	-112	188	-175	-154	-143	153	-251	
411	1	88	-113	-243	150	-249	83	-275	-24	
411	1	146	-195	-213	111	-255	144	267	-250	
411	1	-59	18	-59	23	-71	1	45	-257	
411	1	236	-166	245	-151	353	-245	-354	-143	
411	1	-111	-69	-91	-74	-92	-63	-77	-63	
411	1	5	-43	5	-74	-11	-109	-19	-58	
411	1	18	289	-16	307	34	274	-18	280	
411	1	285	-169	254	-139	250	-253	347	-238	
411	1	218	142	169	133	153	150	140	156	
411	1	-150	168	-202	152	-256	79	-226	155	
411	1	246	72	183	80	-139	80	141	-149	
411	1	109	-199	167	-166	92	-193	143	-242	
411	1	179	-211	173	-136	255	-153	340	-240	
411	1	-173	18	-257	3	-249	-146	171	73	
411	1	247	-176	159	-173	-110	-152	-146	-240	
411	1	-156	-281	-248	-260	-233	-260	-255	-240	
411	1	-270	-1	-245	100	-86	-142	-343	150	
411	1	-267	271	-260	152	50	46	-255	242	
411	1	297	60	174	52	139	56	169	53	
411	1	152	-241	265	-176	268	-70	-149	148	
411	1	-128	206	-265	189	-251	99	-230	188	
411	1	-21	38	-7	-118	1	-133	-21	-154	
411	1	88	68	230	158	-240	-95	-243	233	
411	1	-105	276	-241	152	-246	-4	-336	9	
411	1	112	-86	236	68	-48	-49	288	43	
411	1	126	-57	170	159	264	145	151	255	
411	1	114	-125	-144	-139	169	-56	156	-143	
411	1	218	-128	226	145	257	159	-253	-145	
411	1	-223	-229	68	-48	-254	-234	-58	-52	
411	1	-196	20	144	141	219	74	-253	-163	
411	1	-211	-264	49	46	-153	-249	47	249	
411	1	140	200	-260	-169	258	144	62	63	
411	1	-102	65	-110	74	-114	75	-109	78	
411	1	191	132	206	143	250	150	-251	-150	
411	1	297	188	277	177	256	162	254	167	
411	1	-203	283	-233	280	237	252	-258	273	
411	1	263	-128	232	-143	244	-145	251	-144	
411	1	-283	186	-257	221	-247	244	-248	251	
411	1	140	94	115	53	157	74	96	59	
411	1	-250	102	-251	153	-259	86	-265	147	
411	1	-221	259	-278	258	-240	244	-248	262	
411	1	97	107	145	159	-150	46	-49	-160	
411	1	-51	-91	-23	-168	6	-202	-33	-175	
411	1	-163	-161	-247	-171	-249	-152	-161	-159	
411	1	274	194	187	170	253	244	247	249	
411	1	-59	233	-101	143	-51	243	-100	213	
411	1	-164	-225	-262	-250	-252	-152	-246	-149	
411	1	292	-261	349	-156	249	-251	268	-251	
411	1	-136	192	-256	239	-250	248	-258	238	
411	1	-109	286	-241	262	-270	245	-251	241	
411	1	-298	-46	-168	-4	-362	29	-134	34	
411	1	125	190	207	74	156	150	126	-169	
411	1	-96	219	-240	152	-231	76	-239	41	
411	1	-36	-196	-205	-138	265	-261	357	59	
411	1	-55	-142	-249	-150	-30	-47	-52	-46	
411	1	-97	175	143	164	-278	13	-342	51	
411	1	60	35	-178	135	-242	143	164	-252	
411	1	204	251	258	-73	143	238	254	164	
411	1	247	-131	-102	-173	121	-241	-165	165	
411	1	-159	119	-56	-255	-42	-244	-44	-247	
411	1	-194	-146	142	164	143	251	157	246	
411	1	262	-144	-222	-156	-237	159	-273	-147	
411	2	-5	-159	-15	-171	0	0	-5	-211	
411	2	45	51	64	54	0	0	62	49	
411	2	16	-281	-6	-272	0	0	-14	-319	
411	2	-28	215	-7	231	0	0	-7	262	
411	2	-28	-16	-57	8	0	0	-40	-63	
411	2	-262	-256	-242	-215	0	0	-256	-165	
411	2	-87	87	-51	51	0	0	-57	39	
411	2	214	14	257	-15	0	0	253	18	
411	2	300	95	358	73	0	0	383	2	
411	2	222	-212	241	-145	0	0	-20	-189	
411	2	131	110	207	112	0	0	-157	235	
411	2	-205	-63	-188	-147	0	0	156	243	
411	2	-158	114	-246	136	0	0	-243	-140	
411	2	81	-26	111	69	0	0	-246	12	
411	2	221	75	140	9	0	0	143	54	
411	2	40	19	-30	-61	0	0	130	58	
411	2	15	-199	-80	-122	0	0	354	151	
411	2	244	-284	249	-150	0	0	275	-258	
411	2	72	-281	-55	-231	0	0	57	-247	
411	2	95	-257	247	-248	0	0	255	-157	
411	2	-68	-81	89	-149	0	0	106	-84	
411	2	-62	152	120	146	0	0	-60	-126	
411	2	178	22	1	148	0	0	-23	-98	
411	2	283	-135	148	56	0	0	154	48	
411	2	-53	-48	-234	140	0	0	-244	134	
411	2	-121	194	148	163	0	0	162	150	
411	2	-174	290	154	150	0	0	-146	-170	
411	2	243	-237	-76	-68	0	0	-149	153	
411	2	188	52	-247	166	0	0	-356	57	
411	2	-244	-286	204	-154	0	0	255	174	
411	3	-32	66	-43	53	0	0	-52	48	
411	3	-264	267	-247	257	0	0	-261	236	
411	3	-145	30	-154	50	0	0	-208	-3	
411	3	52	26	49	49	0	0	54	60	
411	3	180	257	152	233	0	0	57	143	
411	3	57	189	85	152	0	0	64	154	
411	3	-120	-28	-82	3	0	0	-154	8	
411	3	215	188	265	160	0	0	263	183	
411	3	206	-205	236	-151	0	0	241	-152	
411	3	-76	8	-145	-7	0	0	141	-41	
411	3	-118	-31	-181	7	0	0	262	257	
411	3	-57	-148	-43	-66	0	0	-41	-148	
411	3	-296	-220	-253	-140	0	0	141	-162	
411	3	-38	-249	-116	-202	0	0	-103	-231	
411	3	-155	-254	-255	-240	0	0	-278	-229	
411	3	163	164	242	244	0	0	261	256	
411	3	266	-95	370	-159	0	0	349	-161	
411	3	151	-76	256	3	0	0	349	-3	
411	3	291	-99	265	-238	0	0	257	-137	
411	3	-261	-109	-116	-147	0	0	4	-229	
411	3	280	252	150	144	0	0	353	-234	
411	3	223	-197	58	-133	0	0	141	-131	
411	3	122	239	44	60	0	0	-250	69	
411	3	-271	-148	-56	-233	0	0	61	-242	
411	3	-274	-126	-177	124	0	0	-150	-244	
411	3	-225	-16	53	38	0	0	-66	46	
411	3	32	270	-186	-3	0	0	-104	163	
411	3	-15	192	-176	-131	0	0	89	138	
411	3	63	214	-120	-167	0	0	-20	-25	
411	3	-114	-258	297	48	0	0	161	136	
412	1	-8	21	-6	18	-2	-73	-7	-69	
412	1	-112	-27	-125	-24	-149	-27	-146	-29	
412	1	-70	-246	-60	-259	-56	-240	-47	-251	
412	1	-161	15	-155	-4	-151	100	-231	8	
412	1	300	76	315	93	314	98	301	94	
412	1	146	250	122	255	166	247	194	247	
412	1	-17	16	0	36	-8	-84	242	-9	
412	1	-158	-246	-126	-247	-141	-267	-140	-243	
412	1	3	-234	33	-248	66	-245	149	-233	
412	1	137	10	102	-2	120	-8	188	4	
412	1	152	-242	190	-225	240	-244	280	-250	
412	1	-280	249	-233	243	-253	242	-259	267	
412	1	210	-67	260	-92	246	0	265	-15	
412	1	232	-277	194	-237	267	-231	293	-236	
412	1	183	278	239	258	255	248	263	248	
412	1	18	-157	-4	-95	-27	-106	2	-154	
412	1	-201	67	-135	86	-143	101	-134	232	
412	1	59	216	3	261	-5	0	129	253	
412	1	-215	-191	-132	-205	-130	-193	-124	-220	
412	1	135	-140	149	-235	133	-247	157	-255	
412	1	-124	-228	-223	-240	-246	-235	-242	-240	
412	1	75	184	174	208	265	199	358	126	
412	1	-169	201	-278	215	-271	245	-245	260	
412	1	-65	-168	17	-268	-15	-101	96	-218	
412	1	133	85	281	110	279	97	291	101	
412	1	-37	-81	-18	-244	-44	-229	-9	-262	
412	1	-13	282	241	244	145	254	238	241	
412	1	-85	-13	138	241	145	234	209	248	
412	1	-144	-278	-127	165	-158	105	-159	107	
412	1	-103	203	139	-209	153	-239	168	-234	
412	1	-260	-197	-264	-200	-232	-249	-267	-252	
412	1	-99	79	-92	79	-101	96	-94	104	
412	1	-239	14	-243	-1	-237	-8	-253	-1	
412	1	292	-230	310	-236	306	-231	313	-233	
412	1	-300	-238	-278	-244	-272	-235	-268	-255	
412	1	244	244	249	267	164	257	247	268	
412	1	-247	128	-251	102	-260	90	-257	93	
412	1	-107	-104	-84	-87	90	-252	155	-256	
412	1	197	179	230	191	267	191	331	192	
412	1	178	-259	161	-224	143	-232	141	-243	
412	1	-15	-117	-7	-72	-6	-71	28	-96	
412	1	288	13	239	3	249	-9	253	4	
412	1	204	152	205	102	241	106	283	189	
412	1	-187	33	-158	83	-141	83	-206	66	
412	1	-62	-212	-123	-217	59	-212	77	-207	
412	1	178	55	198	-6	106	-1	135	-2	
412	1	56	-109	36	-41	-21	-103	7	-123	
412	1	234	-170	194	-233	237	-242	-126	-247	
412	1	273	-276	239	-205	255	-102	338	-112	
412	1	160	108	251	102	222	106	248	100	
412	1	-196	248	-102	223	-145	248	-131	256	
412	1	237	141	258	241	234	112	265	199	
412	1	42	4	149	-49	236	-12	229	-1	
412	1	192	-120	262	-5	234	-12	236	-1	
412	1	-142	-160	-262	-235	-281	-239	-270	-243	
412	1	2	159	-4	-15	67	-236	-74	-16	
412	1	-241	-100	-114	119	-120	221	262	241	
412	1	-148	-22	135	-210	156	-236	125	-247	
412	1	-139	-287	31	23	178	-6	-10	5	
412	1	-166	21	285	-68	94	-224	81	-240	
412	1	-278	-229	-271	-226	-236	-244	-255	-239	
412	1	-132	94	-127	100	-155	104	-138	98	
412	1	-23	299	-6	293	-42	300	-7	250	
412	1	188	109	207	109	240	102	236	113	
412	1	-277	216	-257	224	-269	239	-274	215	
412	1	-248	4	-225	1	-137	-1	-140	-6	
412	1	237	37	248	13	230	12	248	0	
412	1	-2	-164	1	-191	-6	-189	-2	-178	
412	1	-60	-116	-48	-86	-63	-92	-80	-97	
412	1	-33	-151	3	-155	-35	-140	-33	-141	
412	1	187	-199	228	-201	238	-246	262	-223	
412	1	88	-146	134	-167	171	-244	153	-251	
412	1	-71	-13	-119	7	-134	-1	-142	2	
412	1	76	-109	130	-88	136	-69	150	-96	
412	1	-107	139	-145	185	-134	102	-124	199	
412	1	46	-91	109	-93	128	-94	149	-94	
412	1	-80	231	-136	196	-127	194	-132	223	
412	1	-222	-60	-276	-9	-306	45	-305	8	
412	1	-217	-280	-139	-247	-156	-244	-140	-245	
412	1	115	-189	156	-109	132	-87	212	-245	
412	1	46	-296	117	-226	145	-250	178	-233	
412	1	123	188	217	234	233	256	239	253	
412	1	-169	-226	-64	-273	-98	-240	-51	-237	
412	1	177	-114	309	-69	299	1	361	3	
412	1	51	-81	130	-205	139	2	153	2	
412	1	-90	-267	85	-257	90	-223	92	-238	
412	1	29	17	128	252	141	242	261	237	
412	1	-144	-210	142	-220	138	-229	160	-238	
412	1	-206	100	192	246	-255	262	-163	245	
412	1	-116	202	77	-258	-90	-242	87	-257	
412	1	-256	-232	-253	-236	-267	-238	-247	-247	
412	1	155	-72	146	-79	228	-10	197	-50	
412	1	205	14	201	-4	245	0	292	-11	
412	1	-227	-16	-228	3	-157	8	-271	6	
412	1	-58	260	-37	268	-67	287	-66	260	
412	1	-36	-83	-57	-73	-87	89	-136	-2	
412	1	289	-56	315	-63	293	-2	337	3	
412	1	-94	271	-65	260	-42	256	-35	271	
412	1	35	-53	70	-44	133	-1	138	0	
412	1	112	-47	123	-11	139	2	145	-6	
412	1	-173	132	-209	103	-249	101	-275	210	
412	1	54	-250	102	-248	82	-249	115	-246	
412	1	-203	143	-149	138	-147	104	-124	90	
412	1	-15	-291	25	-250	0	-2	-6	-247	
412	1	-203	49	-198	-9	-147	13	-236	6	
412	1	-196	-1	-260	2	138	-3	-253	6	
412	1	-37	208	22	242	-7	226	2	241	
412	1	191	289	256	258	248	287	260	254	
412	1	-199	56	-170	-15	-239	-10	-247	0	
412	1	-97	-149	-97	-56	-91	-68	-97	-84	
412	1	179	135	116	211	144	240	146	249	
412	1	273	4	293	103	271	0	235	-4	
412	1	112	-120	153	1	172	86	180	86	
412	1	157	171	296	199	153	247	174	247	
412	1	87	-115	199	-206	233	-235	261	-254	
412	1	179	-203	128	-15	144	-248	163	-246	
412	1	201	173	95	-75	147	181	161	230	
412	1	-66	-288	258	-237	83	-268	-99	-262	
412	1	-184	144	208	-8	242	-1	280	238	
412	1	-99	-259	86	281	104	237	76	-240	
412	2	-3	-255	-6	-249	0	0	3	-248	
412	2	-102	94	-114	97	0	0	-135	96	
412	2	-271	218	-266	202	0	0	-275	200	
412	2	-69	-102	-54	-89	0	0	-62	-108	
412	2	-59	-129	-75	-117	0	0	-69	-102	
412	2	-121	-58	-120	-81	0	0	-101	-80	
412	2	-192	42	-193	68	0	0	-312	205	
412	2	151	-251	120	-243	0	0	162	-256	
412	2	87	-69	114	-92	0	0	128	-100	
412	2	-208	-262	-246	-274	0	0	135	-255	
412	2	154	-46	190	-20	0	0	257	-5	
412	2	-125	110	-108	155	0	0	-128	105	
412	2	281	125	241	90	0	0	243	195	
412	2	246	176	232	232	0	0	248	237	
412	2	91	-244	151	-250	0	0	140	-235	
412	2	169	225	228	253	0	0	185	269	
412	2	4	139	-6	204	0	0	-7	157	
412	2	-214	100	-142	95	0	0	-166	108	
412	2	-120	-274	-42	-249	0	0	-35	-197	
412	2	73	190	157	236	0	0	236	238	
412	2	68	-272	168	-253	0	0	157	-249	
412	2	-185	-187	-144	-86	0	0	-139	-18	
412	2	243	134	262	252	0	0	276	259	
412	2	216	-105	160	-226	0	0	148	-246	
412	2	4	88	0	-62	0	0	-71	-248	
412	2	218	-13	393	-11	0	0	-106	260	
412	2	-82	-192	152	-213	0	0	165	-238	
412	2	-132	244	213	232	0	0	-140	96	
412	2	-55	-130	237	90	0	0	242	96	
412	2	-259	7	265	-8	0	0	350	1	
412	3	275	-229	277	-222	0	0	275	226	
412	3	-258	261	-271	252	0	0	-246	253	
412	3	38	-257	39	-241	0	0	43	-246	
412	3	-236	-13	-218	-8	0	0	-249	-4	
412	3	272	206	251	201	0	0	265	222	
412	3	-126	202	-130	226	0	0	-153	233	
412	3	166	-214	188	-200	0	0	160	-228	
412	3	-284	252	-260	239	0	0	-130	233	
412	3	-292	270	-314	244	0	0	-284	231	
412	3	30	-288	33	-249	0	0	167	268	
412	3	217	-274	243	-240	0	0	288	-244	
412	3	79	-85	125	-95	0	0	106	-89	
412	3	9	112	18	59	0	0	2	35	
412	3	204	-287	149	-275	0	0	139	-232	
412	3	-245	-158	-260	-102	0	0	-245	-91	
412	3	-100	-279	-87	-218	0	0	-129	-238	
412	3	75	270	140	254	0	0	251	271	
412	3	139	-239	213	-228	0	0	176	-242	
412	3	-224	219	-303	245	0	0	-258	253	
412	3	-33	-296	-111	-245	0	0	-132	-254	
412	3	90	-41	0	0	0	0	134	-250	
412	3	248	-7	304	-98	0	0	299	1	
412	3	204	148	232	259	0	0	247	97	
412	3	274	93	138	97	0	0	252	99	
412	3	-278	199	-122	167	0	0	-276	217	
412	3	-174	21	-111	234	0	0	-125	92	
412	3	-94	133	81	-68	0	0	-143	249	
412	3	-182	94	-253	-240	0	0	136	-251	
412	3	-243	130	140	257	0	0	166	240	
412	3	122	-249	157	237	0	0	-169	-6	